-- phpMyAdmin SQL Dump
-- version 5.2.1
-- https://www.phpmyadmin.net/
--
-- Host: 127.0.0.1:3306
-- Generation Time: Apr 07, 2026 at 04:09 PM
-- Server version: 9.1.0
-- PHP Version: 8.2.26

SET SQL_MODE = "NO_AUTO_VALUE_ON_ZERO";
START TRANSACTION;
SET time_zone = "+00:00";


/*!40101 SET @OLD_CHARACTER_SET_CLIENT=@@CHARACTER_SET_CLIENT */;
/*!40101 SET @OLD_CHARACTER_SET_RESULTS=@@CHARACTER_SET_RESULTS */;
/*!40101 SET @OLD_COLLATION_CONNECTION=@@COLLATION_CONNECTION */;
/*!40101 SET NAMES utf8mb4 */;

--
-- Database: `brahmani_industries`
--

-- --------------------------------------------------------

--
-- Table structure for table `audit_logs`
--

DROP TABLE IF EXISTS `audit_logs`;
CREATE TABLE IF NOT EXISTS `audit_logs` (
  `id` bigint UNSIGNED NOT NULL AUTO_INCREMENT,
  `description` text COLLATE utf8mb4_unicode_ci NOT NULL,
  `subject_id` bigint UNSIGNED DEFAULT NULL,
  `subject_type` varchar(191) COLLATE utf8mb4_unicode_ci DEFAULT NULL,
  `user_id` bigint UNSIGNED DEFAULT NULL,
  `properties` text COLLATE utf8mb4_unicode_ci,
  `host` varchar(45) COLLATE utf8mb4_unicode_ci DEFAULT NULL,
  `created_at` timestamp NULL DEFAULT NULL,
  `updated_at` timestamp NULL DEFAULT NULL,
  PRIMARY KEY (`id`)
) ENGINE=MyISAM AUTO_INCREMENT=27 DEFAULT CHARSET=utf8mb4 COLLATE=utf8mb4_unicode_ci;

--
-- Dumping data for table `audit_logs`
--

INSERT INTO `audit_logs` (`id`, `description`, `subject_id`, `subject_type`, `user_id`, `properties`, `host`, `created_at`, `updated_at`) VALUES
(1, 'created', 1, 'App\\Models\\Blog', 1, '{\"title\":\"hello\",\"slug\":\"hello\",\"description\":\"<p>hello<\\/p>\",\"meta_title\":\"hello\",\"meta_description\":\"hello\",\"sort_description\":\"helloo\",\"updated_at\":\"2026-02-14 11:09:30\",\"created_at\":\"2026-02-14 11:09:30\",\"id\":1,\"main_image\":null,\"gallary\":[],\"media\":[]}', '127.0.0.1', '2026-02-14 05:39:30', '2026-02-14 05:39:30'),
(2, 'created', 2, 'App\\Models\\Blog', 1, '{\"title\":\"Asperiores tempor la\",\"slug\":\"Debitis sint volupt\",\"description\":\"<p>rtergergerg<\\/p>\",\"meta_title\":\"Exercitationem ergersgeru si\",\"meta_description\":\"Animi id labore et\",\"sort_description\":\"Anim fugiat ex ullam\",\"updated_at\":\"2026-02-14 11:31:23\",\"created_at\":\"2026-02-14 11:31:23\",\"id\":2,\"main_image\":null,\"gallary\":[],\"media\":[]}', '127.0.0.1', '2026-02-14 06:01:23', '2026-02-14 06:01:23'),
(3, 'created', 3, 'App\\Models\\Blog', 1, '{\"title\":\"Qui aliquip sit sequ\",\"slug\":\"Est exercitation ten\",\"description\":\"<p>test &nbsp;Description<\\/p>\",\"meta_title\":\"Modi dolorum duis fu\",\"meta_description\":\"Quae nulla veniam d\",\"sort_description\":\"Eius quasi eaque et\",\"updated_at\":\"2026-02-14 11:34:46\",\"created_at\":\"2026-02-14 11:34:46\",\"id\":3,\"main_image\":null,\"gallary\":[],\"media\":[]}', '127.0.0.1', '2026-02-14 06:04:46', '2026-02-14 06:04:46'),
(4, 'created', 4, 'App\\Models\\Blog', 1, '{\"title\":\"Test title\",\"slug\":\"test\",\"description\":\"<p>test description<\\/p>\",\"meta_title\":\"test meta title\",\"meta_description\":\"test description\",\"sort_description\":\"test sort description\",\"updated_at\":\"2026-02-14 11:37:31\",\"created_at\":\"2026-02-14 11:37:31\",\"id\":4,\"main_image\":null,\"gallary\":[],\"media\":[]}', '127.0.0.1', '2026-02-14 06:07:31', '2026-02-14 06:07:31'),
(5, 'created', 40, 'App\\Models\\Permission', NULL, '{\"title\":\"product_create\",\"updated_at\":\"2026-02-15 08:38:14\",\"created_at\":\"2026-02-15 08:38:14\",\"id\":40}', '127.0.0.1', '2026-02-15 03:08:15', '2026-02-15 03:08:15'),
(6, 'created', 41, 'App\\Models\\Permission', NULL, '{\"title\":\"product_edit\",\"updated_at\":\"2026-02-15 08:38:15\",\"created_at\":\"2026-02-15 08:38:15\",\"id\":41}', '127.0.0.1', '2026-02-15 03:08:15', '2026-02-15 03:08:15'),
(7, 'created', 42, 'App\\Models\\Permission', NULL, '{\"title\":\"product_show\",\"updated_at\":\"2026-02-15 08:38:15\",\"created_at\":\"2026-02-15 08:38:15\",\"id\":42}', '127.0.0.1', '2026-02-15 03:08:15', '2026-02-15 03:08:15'),
(8, 'created', 43, 'App\\Models\\Permission', NULL, '{\"title\":\"product_delete\",\"updated_at\":\"2026-02-15 08:38:15\",\"created_at\":\"2026-02-15 08:38:15\",\"id\":43}', '127.0.0.1', '2026-02-15 03:08:15', '2026-02-15 03:08:15'),
(9, 'created', 44, 'App\\Models\\Permission', NULL, '{\"title\":\"product_access\",\"updated_at\":\"2026-02-15 08:38:15\",\"created_at\":\"2026-02-15 08:38:15\",\"id\":44}', '127.0.0.1', '2026-02-15 03:08:15', '2026-02-15 03:08:15'),
(10, 'created', 45, 'App\\Models\\Permission', NULL, '{\"title\":\"product_category_create\",\"updated_at\":\"2026-02-15 08:38:15\",\"created_at\":\"2026-02-15 08:38:15\",\"id\":45}', '127.0.0.1', '2026-02-15 03:08:15', '2026-02-15 03:08:15'),
(11, 'created', 46, 'App\\Models\\Permission', NULL, '{\"title\":\"product_category_edit\",\"updated_at\":\"2026-02-15 08:38:15\",\"created_at\":\"2026-02-15 08:38:15\",\"id\":46}', '127.0.0.1', '2026-02-15 03:08:15', '2026-02-15 03:08:15'),
(12, 'created', 47, 'App\\Models\\Permission', NULL, '{\"title\":\"product_category_show\",\"updated_at\":\"2026-02-15 08:38:15\",\"created_at\":\"2026-02-15 08:38:15\",\"id\":47}', '127.0.0.1', '2026-02-15 03:08:15', '2026-02-15 03:08:15'),
(13, 'created', 48, 'App\\Models\\Permission', NULL, '{\"title\":\"product_category_delete\",\"updated_at\":\"2026-02-15 08:38:15\",\"created_at\":\"2026-02-15 08:38:15\",\"id\":48}', '127.0.0.1', '2026-02-15 03:08:15', '2026-02-15 03:08:15'),
(14, 'created', 49, 'App\\Models\\Permission', NULL, '{\"title\":\"product_category_access\",\"updated_at\":\"2026-02-15 08:38:15\",\"created_at\":\"2026-02-15 08:38:15\",\"id\":49}', '127.0.0.1', '2026-02-15 03:08:15', '2026-02-15 03:08:15'),
(15, 'deleted', 2, 'App\\Models\\Blog', 1, '{\"id\":2,\"title\":\"Asperiores tempor la\",\"slug\":\"Debitis sint volupt\",\"description\":\"<p>rtergergerg<\\/p>\",\"meta_title\":\"Exercitationem ergersgeru si\",\"meta_description\":\"Animi id labore et\",\"sort_description\":\"Anim fugiat ex ullam\",\"created_at\":\"2026-02-14 11:31:23\",\"updated_at\":\"2026-02-15 09:08:31\",\"deleted_at\":\"2026-02-15 09:08:31\",\"main_image\":{\"id\":2,\"model_type\":\"App\\\\Models\\\\Blog\",\"model_id\":2,\"uuid\":\"8840bd60-16cd-47d3-bd99-db68a0ffd97f\",\"collection_name\":\"main_image\",\"name\":\"69905cfcb5469_download (2)\",\"file_name\":\"69905cfcb5469_download-(2).jpg\",\"mime_type\":\"image\\/jpeg\",\"disk\":\"public\",\"conversions_disk\":\"public\",\"size\":65055,\"manipulations\":[],\"custom_properties\":[],\"generated_conversions\":[],\"responsive_images\":[],\"order_column\":1,\"created_at\":\"2026-02-14T11:31:23.000000Z\",\"updated_at\":\"2026-02-14T11:31:23.000000Z\",\"url\":\"http:\\/\\/127.0.0.1:8000\\/storage\\/2\\/69905cfcb5469_download-(2).jpg\",\"thumbnail\":\"http:\\/\\/127.0.0.1:8000\\/storage\\/2\\/conversions\\/69905cfcb5469_download-(2)-thumb.jpg\",\"preview\":\"http:\\/\\/127.0.0.1:8000\\/storage\\/2\\/conversions\\/69905cfcb5469_download-(2)-preview.jpg\",\"original_url\":\"http:\\/\\/127.0.0.1:8000\\/storage\\/2\\/69905cfcb5469_download-(2).jpg\",\"preview_url\":\"\"},\"gallary\":[],\"media\":[{\"id\":2,\"model_type\":\"App\\\\Models\\\\Blog\",\"model_id\":2,\"uuid\":\"8840bd60-16cd-47d3-bd99-db68a0ffd97f\",\"collection_name\":\"main_image\",\"name\":\"69905cfcb5469_download (2)\",\"file_name\":\"69905cfcb5469_download-(2).jpg\",\"mime_type\":\"image\\/jpeg\",\"disk\":\"public\",\"conversions_disk\":\"public\",\"size\":65055,\"manipulations\":[],\"custom_properties\":[],\"generated_conversions\":[],\"responsive_images\":[],\"order_column\":1,\"created_at\":\"2026-02-14T11:31:23.000000Z\",\"updated_at\":\"2026-02-14T11:31:23.000000Z\",\"url\":\"http:\\/\\/127.0.0.1:8000\\/storage\\/2\\/69905cfcb5469_download-(2).jpg\",\"thumbnail\":\"http:\\/\\/127.0.0.1:8000\\/storage\\/2\\/conversions\\/69905cfcb5469_download-(2)-thumb.jpg\",\"preview\":\"http:\\/\\/127.0.0.1:8000\\/storage\\/2\\/conversions\\/69905cfcb5469_download-(2)-preview.jpg\",\"original_url\":\"http:\\/\\/127.0.0.1:8000\\/storage\\/2\\/69905cfcb5469_download-(2).jpg\",\"preview_url\":\"\"}]}', '127.0.0.1', '2026-02-15 03:38:31', '2026-02-15 03:38:31'),
(16, 'updated', NULL, 'App\\Models\\Blog', 1, '{\"description\":\"<h3>In today\\u2019s fast-moving digital world, having the right knowledge and the right solution is extremely important. This blog is written to help you understand everything clearly in a simple and practical way.<\\/h3><p>In this article, we will cover the complete details step-by-step, including what it is, why it is important, and how you can use it in the best way. Many people face confusion while starting, so this blog will explain everything in a beginner-friendly and professional style.<\\/p><p>We will also discuss the key benefits, common mistakes, and best practices that will help you get better results. Whether you are a beginner or someone who already has experience, this guide will be useful for you.<\\/p><p>By the end of this blog, you will have a clear understanding and you will be able to apply the same in your work or business. If you want to learn deeply and improve your knowledge, then this blog is perfect for you.<br><br>In today\\u2019s fast-moving digital world, having the right knowledge and the right solution is extremely important. This blog is written to help you understand everything clearly in a simple and practical way.<\\/p><p>In this article, we will cover the complete details step-by-step, including what it is, why it is important, and how you can use it in the best way. Many people face confusion while starting, so this blog will explain everything in a beginner-friendly and professional style.<\\/p><p>We will also discuss the key benefits, common mistakes, and best practices that will help you get better results. Whether you are a beginner or someone who already has experience, this guide will be useful for you.<\\/p><h3>By the end of this blog, you will have a clear understanding and you will be able to apply the same in your work or business. If you want to learn deeply and improve your knowledge, then this blog is perfect for you.<br><br>In today\\u2019s fast-moving digital world, having the right knowledge and the right solution is extremely important. This blog is written to help you understand everything clearly in a simple and practical way.<\\/h3><p>In this article, we will cover the complete details step-by-step, including what it is, why it is important, and how you can use it in the best way. Many people face confusion while starting, so this blog will explain everything in a beginner-friendly and professional style.<\\/p><p>We will also discuss the key benefits, common mistakes, and best practices that will help you get better results. Whether you are a beginner or someone who already has experience, this guide will be useful for you.<\\/p><p>By the end of this blog, you will have a clear understanding and you will be able to apply the same in your work or business. If you want to learn deeply and improve your knowledge, then this blog is perfect for you.<\\/p>\",\"updated_at\":\"2026-02-15 09:26:54\",\"main_image\":null,\"gallary\":[],\"media\":[]}', '127.0.0.1', '2026-02-15 03:56:54', '2026-02-15 03:56:54'),
(17, 'updated', NULL, 'App\\Models\\Blog', 1, '{\"description\":\"<p>test description<\\/p>\",\"updated_at\":\"2026-02-15 09:27:08\",\"main_image\":null,\"gallary\":[],\"media\":[]}', '127.0.0.1', '2026-02-15 03:57:08', '2026-02-15 03:57:08'),
(18, 'updated', NULL, 'App\\Models\\Blog', 1, '{\"description\":\"<h3>In today\\u2019s fast-moving digital world, having the right knowledge and the right solution is extremely important. This blog is written to help you understand everything clearly in a simple and practical way.<\\/h3><p>In this article, we will cover the complete details step-by-step, including what it is, why it is important, and how you can use it in the best way. Many people face confusion while starting, so this blog will explain everything in a beginner-friendly and professional style.<\\/p><p>We will also discuss the key benefits, common mistakes, and best practices that will help you get better results. Whether you are a beginner or someone who already has experience, this guide will be useful for you.<\\/p><p>By the end of this blog, you will have a clear understanding and you will be able to apply the same in your work or business. If you want to learn deeply and improve your knowledge, then this blog is perfect for you.<\\/p>\",\"updated_at\":\"2026-02-15 09:27:53\",\"main_image\":null,\"gallary\":[],\"media\":[]}', '127.0.0.1', '2026-02-15 03:57:53', '2026-02-15 03:57:53'),
(19, 'updated', NULL, 'App\\Models\\Blog', 1, '{\"description\":\"<h3>In today\\u2019s fast-moving digital world, having the right knowledge and the right solution is extremely important. This blog is written to help you understand everything clearly in a simple and practical way.<\\/h3><p>In this article, we will cover the complete details step-by-step, including what it is, why it is important, and how you can use it in the best way. Many people face confusion while starting, so this blog will explain everything in a beginner-friendly and professional style.<\\/p><p>We will also discuss the key benefits, common mistakes, and best practices that will help you get better results. Whether you are a beginner or someone who already has experience, this guide will be useful for you.<\\/p><h3>By the end of this blog, you will have a clear understanding and you will be able to apply the same in your work or business. If you want to learn deeply and improve your knowledge, then this blog is perfect for you.<br><br>In today\\u2019s fast-moving digital world, having the right knowledge and the right solution is extremely important. This blog is written to help you understand everything clearly in a simple and practical way.<\\/h3><p>In this article, we will cover the complete details step-by-step, including what it is, why it is important, and how you can use it in the best way. Many people face confusion while starting, so this blog will explain everything in a beginner-friendly and professional style.<\\/p><p>We will also discuss the key benefits, common mistakes, and best practices that will help you get better results. Whether you are a beginner or someone who already has experience, this guide will be useful for you.<\\/p><p>By the end of this blog, you will have a clear understanding and you will be able to apply the same in your work or business. If you want to learn deeply and improve your knowledge, then this blog is perfect for you.<\\/p>\",\"updated_at\":\"2026-02-15 09:33:11\",\"main_image\":null,\"gallary\":[],\"media\":[]}', '127.0.0.1', '2026-02-15 04:03:11', '2026-02-15 04:03:11'),
(20, 'created', 5, 'App\\Models\\Blog', 1, '{\"title\":\"MS Flange: Durable and Reliable Mild Steel Flanges for Industrial Applications\",\"slug\":\"ms-flange-mild-steel-flanges-industrial-use\",\"description\":\"<h3><strong>What is an MS Flange?<\\/strong><\\/h3><p>An MS Flange, also known as a Mild Steel Flange, is a mechanical component used to connect pipes, valves, pumps, and other equipment in a piping system. It provides a secure and leak-proof joint by joining two pipe sections with bolts and a gasket in between. MS flanges are widely used in industrial and commercial applications due to their strength, durability, and cost-effectiveness.<\\/p><h3><strong>Why are MS Flanges important in piping systems?<\\/strong><\\/h3><p>MS flanges play a crucial role in maintaining the integrity and efficiency of piping systems. They ensure a strong connection between different components, preventing leakage and maintaining consistent flow. Without flanges, it would be difficult to assemble, disassemble, or maintain piping systems effectively. Their ability to provide easy access for inspection and repair makes them an essential part of modern infrastructure.<\\/p><h3><strong>What material is used in MS Flanges?<\\/strong><\\/h3><p>MS flanges are made from mild steel, which is a low-carbon steel known for its excellent machinability and weldability. This material offers a perfect balance between strength and flexibility, making it suitable for various industrial applications. Mild steel is also more affordable compared to other materials like stainless steel, which makes MS flanges a cost-effective solution.<\\/p><h3><strong>What are the main advantages of MS Flanges?<\\/strong><\\/h3><p>MS flanges offer several benefits, including high strength, durability, and ease of installation. They are cost-effective and widely available, making them suitable for both small and large-scale projects. Their ability to be customized in different sizes and specifications adds to their versatility. Additionally, they can be coated or treated to improve corrosion resistance, extending their lifespan.<\\/p><h3><strong>Where are MS Flanges commonly used?<\\/strong><\\/h3><p>MS flanges are used in a wide range of industries, including oil and gas, construction, water treatment, power plants, and manufacturing. They are commonly found in pipelines that transport water, oil, gas, and other fluids. Their adaptability makes them suitable for both residential and industrial applications.<\\/p><h3><strong>What types of MS Flanges are available?<\\/strong><\\/h3><p>There are several types of MS flanges available, including slip-on flanges, weld neck flanges, blind flanges, threaded flanges, and socket weld flanges. Each type is designed for specific applications and pressure requirements. For example, slip-on flanges are easy to install, while weld neck flanges are used in high-pressure systems for added strength.<\\/p><h3><strong>How are MS Flanges installed?<\\/strong><\\/h3><p>MS flanges are installed by aligning them with the pipe ends and securing them with bolts. A gasket is placed between the flanges to ensure a tight seal and prevent leakage. Proper alignment and even tightening of bolts are essential to achieve a secure connection. Installation is relatively simple, which reduces labor time and cost.<\\/p><h3><strong>Are MS Flanges resistant to corrosion?<\\/strong><\\/h3><p>Mild steel is not naturally corrosion-resistant, but MS flanges can be treated with coatings such as galvanization, painting, or powder coating to protect them from rust and environmental damage. These treatments enhance their durability and make them suitable for use in harsh conditions.<\\/p><h3><strong>What standards do MS Flanges follow?<\\/strong><\\/h3><p>MS flanges are manufactured according to various international standards such as ANSI, ASME, DIN, BS, and IS. These standards ensure that the flanges meet specific quality, safety, and performance requirements, making them reliable for use in different industrial systems.<\\/p><h3><strong>How do MS Flanges compare to stainless steel flanges?<\\/strong><\\/h3><p>MS flanges are more affordable than stainless steel flanges and are suitable for general-purpose applications. While stainless steel flanges offer better corrosion resistance, MS flanges provide sufficient strength and performance for many industrial uses at a lower cost. This makes them a practical choice for projects where budget is a concern.<\\/p><h3><strong>How can you maintain MS Flanges for long-term use?<\\/strong><\\/h3><p>Proper maintenance of MS flanges involves regular inspection for signs of wear, corrosion, or damage. Cleaning the surface, reapplying protective coatings, and ensuring that bolts are properly tightened can help extend their lifespan. Replacing worn-out gaskets and addressing minor issues promptly can prevent major problems in the future.<\\/p><h3><strong>Why should you choose MS Flanges for your project?<\\/strong><\\/h3><p>MS flanges are a reliable and cost-effective solution for connecting piping systems. Their strength, durability, and ease of installation make them suitable for a wide range of applications. Whether you are working on an industrial pipeline or a commercial plumbing system, MS flanges offer dependable performance and long-term value.<\\/p>\",\"meta_title\":\"MS Flange | Mild Steel Flanges for Industrial Pipe Connections\",\"meta_description\":\"Buy high-quality MS flanges for strong and durable pipe connections. Ideal for industrial use, offering reliability, strength, and cost-effective performance.\",\"sort_description\":\"High-quality MS (Mild Steel) flanges designed for strong, leak-proof pipe connections in industrial and commercial applications.\",\"updated_at\":\"2026-04-04 06:10:13\",\"created_at\":\"2026-04-04 06:10:13\",\"id\":5,\"main_image\":null,\"gallary\":[],\"media\":[]}', '127.0.0.1', '2026-04-04 00:40:13', '2026-04-04 00:40:13'),
(21, 'updated', NULL, 'App\\Models\\Blog', 1, '{\"title\":\"Flange Shaft: High-Performance Mechanical Component for Industrial Applications\",\"slug\":\"flange-shaft-industrial-mechanical-component\",\"description\":\"<h3><strong>What is a Flange Shaft?<\\/strong><\\/h3><p>A flange shaft is a mechanical component that combines a shaft with a flange plate at one end, designed to provide a secure and stable connection between rotating equipment and other mechanical parts. The flange typically includes bolt holes, allowing it to be easily attached to other components such as motors, gearboxes, or machinery systems. This design ensures proper alignment and efficient power transmission.<\\/p><h3><strong>Why is a Flange Shaft used in industrial applications?<\\/strong><\\/h3><p>Flange shafts are widely used because they offer a strong and reliable connection in rotating systems. They help in transmitting torque and rotational motion efficiently while maintaining structural stability. Their flange design simplifies installation and ensures accurate alignment, which is critical in high-performance machinery.<\\/p><h3><strong>What material is used in Flange Shafts?<\\/strong><\\/h3><p>Flange shafts are commonly manufactured using high-quality materials such as mild steel, stainless steel, or alloy steel. Mild steel is often preferred due to its strength, machinability, and cost-effectiveness. Depending on the application, the shaft may also undergo surface treatments to enhance durability and resistance to wear and corrosion.<\\/p><h3><strong>What are the key features of a Flange Shaft?<\\/strong><\\/h3><p>A flange shaft is known for its high strength, precision design, and durability. It provides excellent load-bearing capacity and ensures smooth rotation in mechanical systems. The integrated flange allows easy mounting and dismounting, reducing maintenance time. Additionally, it can be customized in various sizes and specifications to meet specific industrial requirements.<\\/p><h3><strong>Where are Flange Shafts commonly used?<\\/strong><\\/h3><p>Flange shafts are used in a wide range of industries, including manufacturing, automotive, construction, and heavy machinery. They are commonly found in conveyor systems, pumps, motors, gear assemblies, and industrial equipment where reliable rotational movement is required.<\\/p><h3><strong>What are the advantages of using a Flange Shaft?<\\/strong><\\/h3><p>The primary advantage of a flange shaft is its ability to provide a strong and secure connection while ensuring efficient power transmission. It reduces vibration and misalignment issues, which improves the overall performance of machinery. Additionally, its design allows for easy installation and maintenance, saving both time and operational costs.<\\/p><h3><strong>How is a Flange Shaft installed?<\\/strong><\\/h3><p>Installation of a flange shaft involves aligning the flange with the corresponding mounting surface and securing it using bolts. Proper alignment is crucial to avoid imbalance and ensure smooth operation. Once installed, the shaft connects to other rotating components, enabling efficient transmission of motion.<\\/p><h3><strong>Is a Flange Shaft resistant to wear and corrosion?<\\/strong><\\/h3><p>Flange shafts can be treated with coatings such as galvanization, polishing, or anti-corrosion layers to improve their resistance to wear and environmental conditions. These treatments enhance the lifespan of the shaft, especially in harsh industrial environments.<\\/p><h3><strong>How do you maintain a Flange Shaft?<\\/strong><\\/h3><p>Regular maintenance includes inspecting the shaft for wear, checking bolt tightness, and ensuring proper lubrication. Cleaning the shaft and applying protective coatings when necessary can help extend its life. Proper maintenance ensures smooth operation and reduces the risk of mechanical failure.<\\/p><h3><strong>Can Flange Shafts be customized?<\\/strong><\\/h3><p>Yes, flange shafts can be customized based on specific requirements such as length, diameter, flange size, and material type. This flexibility allows them to be used in a wide range of applications with varying load and performance requirements.<\\/p><h3><strong>Why choose a Flange Shaft for your machinery?<\\/strong><\\/h3><p>Flange shafts are a reliable and efficient solution for mechanical systems that require strong connections and precise alignment. Their durability, ease of installation, and ability to handle heavy loads make them a preferred choice in industrial applications. They ensure consistent performance and long-term reliability.<\\/p>\",\"meta_title\":\"Flange Shaft | Durable Industrial Shaft with Flange Connection\",\"meta_description\":\"Explore high-quality flange shafts for industrial use. \\u092e\\u091c\\u092c\\u0942\\u0924, \\u091f\\u093f\\u0915\\u093e\\u090a \\u0914\\u0930 precision engineered shaft solutions for machinery and mechanical systems.\",\"sort_description\":\"Durable and precision-engineered flange shafts designed for strong mechanical connections in industrial and machinery applications.\",\"updated_at\":\"2026-04-04 06:18:24\",\"main_image\":null,\"gallary\":[],\"media\":[]}', '127.0.0.1', '2026-04-04 00:48:24', '2026-04-04 00:48:24'),
(22, 'updated', NULL, 'App\\Models\\Blog', 1, '{\"meta_description\":\"Explore high-quality flange shafts for industrial use. precision engineered shaft solutions for machinery and mechanical systems.\",\"updated_at\":\"2026-04-04 06:25:38\",\"main_image\":null,\"gallary\":[],\"media\":[]}', '127.0.0.1', '2026-04-04 00:55:38', '2026-04-04 00:55:38'),
(23, 'updated', NULL, 'App\\Models\\Blog', 1, '{\"title\":\"Brake Disc Assembly: High-Performance Disc and Pad System for Industrial & Automotive Applications\",\"slug\":\"brake-disc-assembly-industrial-automotive\",\"description\":\"<h3><strong>What is a Brake Disc Assembly?<\\/strong><\\/h3><p>A brake disc assembly is a critical mechanical component used in braking systems, consisting of a rotating disc and brake pads that work together to slow down or stop motion. When force is applied, the pads press against the disc, creating friction that reduces speed efficiently. This system is widely used in automotive, industrial machinery, and heavy-duty equipment.<\\/p><h3><strong>Why is a Brake Disc Assembly important?<\\/strong><\\/h3><p>The brake disc assembly plays a vital role in ensuring safety and control in moving systems. It allows machines and vehicles to slow down smoothly and stop effectively, preventing accidents and damage. Its ability to handle high friction and heat makes it an essential component in both light and heavy-duty applications.<\\/p><h3><strong>What materials are used in Brake Disc Assemblies?<\\/strong><\\/h3><p>Brake disc assemblies are typically made from high-quality materials such as cast iron, mild steel, or alloy steel. The brake pads are made from friction materials designed to withstand high temperatures and pressure. These materials ensure durability, strength, and consistent performance under demanding conditions.<\\/p><h3><strong>What are the key features of this product?<\\/strong><\\/h3><p>This brake disc assembly is designed with precision and durability in mind. It offers excellent heat dissipation, high wear resistance, and strong structural integrity. The smooth surface of the disc ensures consistent contact with the pads, resulting in efficient braking performance. Its robust construction makes it suitable for continuous use in demanding environments.<\\/p><h3><strong>Where is a Brake Disc Assembly used?<\\/strong><\\/h3><p>Brake disc assemblies are widely used in automobiles, industrial machines, construction equipment, and heavy vehicles. They are essential in systems where controlled stopping or speed reduction is required. From cars and trucks to manufacturing units and machinery, this component is crucial for operational safety.<\\/p><h3><strong>What are the advantages of using a Brake Disc Assembly?<\\/strong><\\/h3><p>The main advantage of a brake disc assembly is its ability to provide reliable and efficient braking performance. It reduces stopping distance, improves control, and enhances safety. Additionally, it offers better heat management compared to traditional braking systems, resulting in longer lifespan and reduced maintenance needs.<\\/p><h3><strong>How does a Brake Disc Assembly work?<\\/strong><\\/h3><p>A brake disc assembly works by converting kinetic energy into heat energy through friction. When the brake is applied, the pads press against the rotating disc, creating resistance that slows down the motion. The heat generated is dissipated through the disc, ensuring consistent braking performance.<\\/p><h3><strong>Is the Brake Disc Assembly durable?<\\/strong><\\/h3><p>Yes, brake disc assemblies are designed to be highly durable and long-lasting. With proper material selection and manufacturing processes, they can withstand high temperatures, pressure, and wear. Regular maintenance further enhances their lifespan and performance.<\\/p><h3><strong>How should a Brake Disc Assembly be maintained?<\\/strong><\\/h3><p>Maintenance involves regular inspection of the disc and pads for wear and tear. Cleaning the surface, ensuring proper alignment, and replacing worn-out pads are essential steps to maintain efficiency. Proper care helps prevent performance issues and ensures safe operation.<\\/p><h3><strong>Can this product be customized?<\\/strong><\\/h3><p>Yes, brake disc assemblies can be customized based on size, thickness, material, and application requirements. This flexibility allows them to be used in a wide range of industries and machinery types.<\\/p><h3><strong>Why choose this Brake Disc Assembly?<\\/strong><\\/h3><p>This brake disc assembly offers a perfect combination of strength, durability, and performance. Its precision engineering ensures smooth operation and reliable braking, making it an ideal choice for both industrial and automotive applications. It provides long-term value by reducing maintenance costs and improving system efficiency.<\\/p>\",\"meta_title\":\"Brake Disc Assembly | Durable Disc & Brake Pad System\",\"meta_description\":\"Discover high-performance brake disc assemblies with \\u092e\\u091c\\u092c\\u0942\\u0924 durability and efficient braking. Ideal for industrial and automotive applications.\",\"sort_description\":\"Premium quality brake disc assembly with durable pads designed for efficient braking performance and long-lasting reliability.\",\"updated_at\":\"2026-04-04 06:30:29\",\"main_image\":null,\"gallary\":[],\"media\":[]}', '127.0.0.1', '2026-04-04 01:00:29', '2026-04-04 01:00:29'),
(24, 'updated', NULL, 'App\\Models\\Blog', 1, '{\"title\":\"Flange Bush: High-Precision Bushing Solution for Industrial Applications\",\"slug\":\"flange-bush-industrial-bushing-solution\",\"description\":\"<h3><strong>What is a Flange Bush?<\\/strong><\\/h3><p>A flange bush, also known as a flanged bushing, is a cylindrical mechanical component with an extended flange at one end. It is used to reduce friction between moving parts and to support rotating shafts in machinery. The flange acts as a positioning guide, preventing axial movement and ensuring proper alignment within the system.<\\/p><h3><strong>Why is a Flange Bush important in machinery?<\\/strong><\\/h3><p>A flange bush plays a crucial role in improving the efficiency and lifespan of mechanical systems. By reducing friction and wear between components, it helps maintain smooth operation and prevents damage to expensive machine parts. It also ensures proper alignment, which is essential for maintaining stability and performance.<\\/p><h3><strong>What materials are used in Flange Bushes?<\\/strong><\\/h3><p>Flange bushes are typically made from materials such as mild steel, bronze, brass, or composite materials depending on the application. Mild steel bushes offer strength and durability, while bronze or brass bushes provide better wear resistance and lower friction. The choice of material depends on load, speed, and environmental conditions.<\\/p><h3><strong>What are the key features of a Flange Bush?<\\/strong><\\/h3><p>A flange bush is known for its compact design, high durability, and excellent load-bearing capacity. The flange provides additional support and prevents movement, while the inner surface ensures smooth rotation of the shaft. It is designed for precision and can withstand continuous operation in demanding environments.<\\/p><h3><strong>Where are Flange Bushes commonly used?<\\/strong><\\/h3><p>Flange bushes are widely used in automotive systems, industrial machinery, pumps, conveyors, and heavy equipment. They are essential in applications where rotating shafts require support and reduced friction. Their versatility makes them suitable for both light-duty and heavy-duty operations.<\\/p><h3><strong>What are the advantages of using a Flange Bush?<\\/strong><\\/h3><p>The primary advantage of a flange bush is its ability to reduce friction and wear, which enhances the efficiency of machinery. It also helps in maintaining proper alignment and prevents unwanted movement of components. Additionally, it is easy to install, cost-effective, and requires minimal maintenance.<\\/p><h3><strong>How does a Flange Bush work?<\\/strong><\\/h3><p>A flange bush works by acting as an interface between a rotating shaft and a stationary housing. The shaft rotates \\u062f\\u0627\\u062e\\u0644 the bush, while the bush absorbs friction and reduces direct contact between metal surfaces. The flange ensures that the bush remains securely positioned during operation.<\\/p><h3><strong>Is a Flange Bush durable?<\\/strong><\\/h3><p>Yes, flange bushes are designed to be highly durable and capable of handling heavy loads and continuous operation. With proper material selection and maintenance, they can offer long-lasting performance even in harsh industrial environments.<\\/p><h3><strong>How should a Flange Bush be maintained?<\\/strong><\\/h3><p>Maintenance of a flange bush involves regular inspection for wear and lubrication to reduce friction. Cleaning the bush and ensuring proper alignment can significantly improve its lifespan. Replacing worn-out bushes on time prevents damage to other machine components.<\\/p><h3><strong>Can Flange Bushes be customized?<\\/strong><\\/h3><p>Yes, flange bushes can be customized in terms of size, material, and design to meet specific application requirements. This flexibility allows them to be used in a wide range of industries and machinery types.<\\/p><h3><strong>Why choose a Flange Bush for your application?<\\/strong><\\/h3><p>A flange bush is an ideal solution for applications that require smooth rotation, reduced friction, and reliable performance. Its robust design, ease of installation, and cost-effectiveness make it a preferred choice for engineers and manufacturers.<\\/p>\",\"meta_title\":\"Flange Bush | Durable Industrial Bushing Component\",\"meta_description\":\"Explore high-quality flange bush solutions for smooth motion, reduced friction, and long-lasting performance in industrial machinery.\",\"sort_description\":\"Durable and precision-engineered flange bush designed to reduce friction and ensure smooth operation in mechanical systems.\",\"updated_at\":\"2026-04-04 06:35:27\",\"main_image\":null,\"gallary\":[],\"media\":[]}', '127.0.0.1', '2026-04-04 01:05:27', '2026-04-04 01:05:27'),
(25, 'updated', NULL, 'App\\Models\\Blog', 1, '{\"description\":\"<p>hello<\\/p>\",\"updated_at\":\"2026-04-04 06:35:45\",\"main_image\":null,\"gallary\":[],\"media\":[]}', '127.0.0.1', '2026-04-04 01:05:45', '2026-04-04 01:05:45'),
(26, 'created', 6, 'App\\Models\\Blog', 1, '{\"title\":\"Metal Bush Components: Precision Engineered Bushings for Industrial Applications\",\"slug\":\"metal-bush-components-precision-industrial-bushings\",\"description\":\"<h3><strong>What are Metal Bush Components?<\\/strong><\\/h3><p>Metal bush components are cylindrical mechanical parts designed to reduce friction between moving components and support rotating shafts in machinery. These bushes act as a protective layer between two surfaces, minimizing direct metal-to-metal contact and ensuring smooth operation. They are widely used in industrial, automotive, and mechanical systems due to their reliability and durability.<\\/p><h3><strong>Why are Metal Bushes important in mechanical systems?<\\/strong><\\/h3><p>Metal bushes play a crucial role in maintaining the efficiency and longevity of machinery. By reducing friction and wear, they prevent damage to critical components such as shafts and housings. This not only improves performance but also reduces maintenance costs and downtime, making them an essential part of any mechanical system.<\\/p><h3><strong>What materials are used in Metal Bush Components?<\\/strong><\\/h3><p>Metal bush components are typically manufactured using materials such as mild steel, stainless steel, bronze, and brass. Each material offers specific benefits depending on the application. For example, bronze bushes provide excellent wear resistance, while mild steel bushes offer strength and cost-effectiveness. The choice of material depends on load, speed, and environmental conditions.<\\/p><h3><strong>What are the key features of Metal Bush Components?<\\/strong><\\/h3><p>These components are known for their high durability, precision design, and excellent load-bearing capacity. They are engineered to provide smooth motion, reduce vibration, and ensure proper alignment of moving parts. Their compact structure allows them to fit easily into various mechanical assemblies.<\\/p><h3><strong>Where are Metal Bush Components commonly used?<\\/strong><\\/h3><p>Metal bush components are widely used in industries such as automotive, manufacturing, construction, and heavy machinery. They are commonly found in engines, gear systems, pumps, conveyors, and industrial equipment where smooth rotational movement is required.<\\/p><h3><strong>What are the advantages of using Metal Bush Components?<\\/strong><\\/h3><p>The main advantage of metal bushes is their ability to reduce friction and wear, which enhances the efficiency and lifespan of machinery. They also help in absorbing shock and reducing noise during operation. Additionally, they are easy to install, cost-effective, and require minimal maintenance.<\\/p><h3><strong>How do Metal Bush Components work?<\\/strong><\\/h3><p>Metal bushes work by acting as an interface between a rotating shaft and a stationary surface. As the shaft rotates, the bush absorbs friction and prevents direct contact between metal parts. This reduces wear and ensures smooth and efficient operation of the system.<\\/p><h3><strong>Are Metal Bush Components durable?<\\/strong><\\/h3><p>Yes, metal bush components are designed to be highly durable and capable of withstanding heavy loads and continuous use. With proper material selection and maintenance, they can perform reliably even in demanding industrial environments.<\\/p><h3><strong>How should Metal Bush Components be maintained?<\\/strong><\\/h3><p>Maintenance involves regular inspection for wear, proper lubrication, and cleaning to remove dust and debris. Ensuring proper alignment and replacing worn-out bushes on time helps maintain system efficiency and prevents damage to other components.<\\/p><h3><strong>Can Metal Bush Components be customized?<\\/strong><\\/h3><p>Yes, these components can be customized based on specific requirements such as size, material, inner and outer diameter, and application needs. This flexibility makes them suitable for a wide range of industries and machinery types.<\\/p><h3><strong>Why choose Metal Bush Components for your application?<\\/strong><\\/h3><p>Metal bush components offer a perfect combination of strength, precision, and durability. Their ability to reduce friction, improve performance, and extend the lifespan of machinery makes them an ideal choice for industrial and mechanical applications.<\\/p>\",\"meta_title\":\"Metal Bush Components | Durable Industrial Bushings\",\"meta_description\":\"Explore precision metal bush components for reduced friction, high durability, and efficient performance in industrial and mechanical applications.\",\"sort_description\":\"High-quality metal bush components designed for smooth operation, reduced friction, and long-lasting performance in industrial machinery.\",\"updated_at\":\"2026-04-04 06:40:29\",\"created_at\":\"2026-04-04 06:40:29\",\"id\":6,\"main_image\":null,\"gallary\":[],\"media\":[]}', '127.0.0.1', '2026-04-04 01:10:29', '2026-04-04 01:10:29');

-- --------------------------------------------------------

--
-- Table structure for table `blogs`
--

DROP TABLE IF EXISTS `blogs`;
CREATE TABLE IF NOT EXISTS `blogs` (
  `id` bigint UNSIGNED NOT NULL AUTO_INCREMENT,
  `title` varchar(191) COLLATE utf8mb4_unicode_ci NOT NULL,
  `slug` varchar(191) COLLATE utf8mb4_unicode_ci NOT NULL,
  `description` longtext COLLATE utf8mb4_unicode_ci,
  `meta_title` varchar(191) COLLATE utf8mb4_unicode_ci DEFAULT NULL,
  `meta_description` longtext COLLATE utf8mb4_unicode_ci,
  `sort_description` longtext COLLATE utf8mb4_unicode_ci NOT NULL,
  `created_at` timestamp NULL DEFAULT NULL,
  `updated_at` timestamp NULL DEFAULT NULL,
  `deleted_at` timestamp NULL DEFAULT NULL,
  PRIMARY KEY (`id`),
  UNIQUE KEY `blogs_slug_unique` (`slug`)
) ENGINE=MyISAM AUTO_INCREMENT=7 DEFAULT CHARSET=utf8mb4 COLLATE=utf8mb4_unicode_ci;

--
-- Dumping data for table `blogs`
--

INSERT INTO `blogs` (`id`, `title`, `slug`, `description`, `meta_title`, `meta_description`, `sort_description`, `created_at`, `updated_at`, `deleted_at`) VALUES
(1, 'Flange Bush: High-Precision Bushing Solution for Industrial Applications', 'flange-bush-industrial-bushing-solution', '<p>hello</p>', 'Flange Bush | Durable Industrial Bushing Component', 'Explore high-quality flange bush solutions for smooth motion, reduced friction, and long-lasting performance in industrial machinery.', 'Durable and precision-engineered flange bush designed to reduce friction and ensure smooth operation in mechanical systems.', '2026-02-14 05:39:30', '2026-04-04 01:05:45', NULL),
(2, 'Asperiores tempor la', 'Debitis sint volupt', '<p>rtergergerg</p>', 'Exercitationem ergersgeru si', 'Animi id labore et', 'Anim fugiat ex ullam', '2026-02-14 06:01:23', '2026-02-15 03:38:31', '2026-02-15 03:38:31'),
(3, 'Brake Disc Assembly: High-Performance Disc and Pad System for Industrial & Automotive Applications', 'brake-disc-assembly-industrial-automotive', '<h3><strong>What is a Brake Disc Assembly?</strong></h3><p>A brake disc assembly is a critical mechanical component used in braking systems, consisting of a rotating disc and brake pads that work together to slow down or stop motion. When force is applied, the pads press against the disc, creating friction that reduces speed efficiently. This system is widely used in automotive, industrial machinery, and heavy-duty equipment.</p><h3><strong>Why is a Brake Disc Assembly important?</strong></h3><p>The brake disc assembly plays a vital role in ensuring safety and control in moving systems. It allows machines and vehicles to slow down smoothly and stop effectively, preventing accidents and damage. Its ability to handle high friction and heat makes it an essential component in both light and heavy-duty applications.</p><h3><strong>What materials are used in Brake Disc Assemblies?</strong></h3><p>Brake disc assemblies are typically made from high-quality materials such as cast iron, mild steel, or alloy steel. The brake pads are made from friction materials designed to withstand high temperatures and pressure. These materials ensure durability, strength, and consistent performance under demanding conditions.</p><h3><strong>What are the key features of this product?</strong></h3><p>This brake disc assembly is designed with precision and durability in mind. It offers excellent heat dissipation, high wear resistance, and strong structural integrity. The smooth surface of the disc ensures consistent contact with the pads, resulting in efficient braking performance. Its robust construction makes it suitable for continuous use in demanding environments.</p><h3><strong>Where is a Brake Disc Assembly used?</strong></h3><p>Brake disc assemblies are widely used in automobiles, industrial machines, construction equipment, and heavy vehicles. They are essential in systems where controlled stopping or speed reduction is required. From cars and trucks to manufacturing units and machinery, this component is crucial for operational safety.</p><h3><strong>What are the advantages of using a Brake Disc Assembly?</strong></h3><p>The main advantage of a brake disc assembly is its ability to provide reliable and efficient braking performance. It reduces stopping distance, improves control, and enhances safety. Additionally, it offers better heat management compared to traditional braking systems, resulting in longer lifespan and reduced maintenance needs.</p><h3><strong>How does a Brake Disc Assembly work?</strong></h3><p>A brake disc assembly works by converting kinetic energy into heat energy through friction. When the brake is applied, the pads press against the rotating disc, creating resistance that slows down the motion. The heat generated is dissipated through the disc, ensuring consistent braking performance.</p><h3><strong>Is the Brake Disc Assembly durable?</strong></h3><p>Yes, brake disc assemblies are designed to be highly durable and long-lasting. With proper material selection and manufacturing processes, they can withstand high temperatures, pressure, and wear. Regular maintenance further enhances their lifespan and performance.</p><h3><strong>How should a Brake Disc Assembly be maintained?</strong></h3><p>Maintenance involves regular inspection of the disc and pads for wear and tear. Cleaning the surface, ensuring proper alignment, and replacing worn-out pads are essential steps to maintain efficiency. Proper care helps prevent performance issues and ensures safe operation.</p><h3><strong>Can this product be customized?</strong></h3><p>Yes, brake disc assemblies can be customized based on size, thickness, material, and application requirements. This flexibility allows them to be used in a wide range of industries and machinery types.</p><h3><strong>Why choose this Brake Disc Assembly?</strong></h3><p>This brake disc assembly offers a perfect combination of strength, durability, and performance. Its precision engineering ensures smooth operation and reliable braking, making it an ideal choice for both industrial and automotive applications. It provides long-term value by reducing maintenance costs and improving system efficiency.</p>', 'Brake Disc Assembly | Durable Disc & Brake Pad System', 'Discover high-performance brake disc assemblies with मजबूत durability and efficient braking. Ideal for industrial and automotive applications.', 'Premium quality brake disc assembly with durable pads designed for efficient braking performance and long-lasting reliability.', '2026-02-14 06:04:46', '2026-04-04 01:00:29', NULL),
(4, 'Flange Shaft: High-Performance Mechanical Component for Industrial Applications', 'flange-shaft-industrial-mechanical-component', '<h3><strong>What is a Flange Shaft?</strong></h3><p>A flange shaft is a mechanical component that combines a shaft with a flange plate at one end, designed to provide a secure and stable connection between rotating equipment and other mechanical parts. The flange typically includes bolt holes, allowing it to be easily attached to other components such as motors, gearboxes, or machinery systems. This design ensures proper alignment and efficient power transmission.</p><h3><strong>Why is a Flange Shaft used in industrial applications?</strong></h3><p>Flange shafts are widely used because they offer a strong and reliable connection in rotating systems. They help in transmitting torque and rotational motion efficiently while maintaining structural stability. Their flange design simplifies installation and ensures accurate alignment, which is critical in high-performance machinery.</p><h3><strong>What material is used in Flange Shafts?</strong></h3><p>Flange shafts are commonly manufactured using high-quality materials such as mild steel, stainless steel, or alloy steel. Mild steel is often preferred due to its strength, machinability, and cost-effectiveness. Depending on the application, the shaft may also undergo surface treatments to enhance durability and resistance to wear and corrosion.</p><h3><strong>What are the key features of a Flange Shaft?</strong></h3><p>A flange shaft is known for its high strength, precision design, and durability. It provides excellent load-bearing capacity and ensures smooth rotation in mechanical systems. The integrated flange allows easy mounting and dismounting, reducing maintenance time. Additionally, it can be customized in various sizes and specifications to meet specific industrial requirements.</p><h3><strong>Where are Flange Shafts commonly used?</strong></h3><p>Flange shafts are used in a wide range of industries, including manufacturing, automotive, construction, and heavy machinery. They are commonly found in conveyor systems, pumps, motors, gear assemblies, and industrial equipment where reliable rotational movement is required.</p><h3><strong>What are the advantages of using a Flange Shaft?</strong></h3><p>The primary advantage of a flange shaft is its ability to provide a strong and secure connection while ensuring efficient power transmission. It reduces vibration and misalignment issues, which improves the overall performance of machinery. Additionally, its design allows for easy installation and maintenance, saving both time and operational costs.</p><h3><strong>How is a Flange Shaft installed?</strong></h3><p>Installation of a flange shaft involves aligning the flange with the corresponding mounting surface and securing it using bolts. Proper alignment is crucial to avoid imbalance and ensure smooth operation. Once installed, the shaft connects to other rotating components, enabling efficient transmission of motion.</p><h3><strong>Is a Flange Shaft resistant to wear and corrosion?</strong></h3><p>Flange shafts can be treated with coatings such as galvanization, polishing, or anti-corrosion layers to improve their resistance to wear and environmental conditions. These treatments enhance the lifespan of the shaft, especially in harsh industrial environments.</p><h3><strong>How do you maintain a Flange Shaft?</strong></h3><p>Regular maintenance includes inspecting the shaft for wear, checking bolt tightness, and ensuring proper lubrication. Cleaning the shaft and applying protective coatings when necessary can help extend its life. Proper maintenance ensures smooth operation and reduces the risk of mechanical failure.</p><h3><strong>Can Flange Shafts be customized?</strong></h3><p>Yes, flange shafts can be customized based on specific requirements such as length, diameter, flange size, and material type. This flexibility allows them to be used in a wide range of applications with varying load and performance requirements.</p><h3><strong>Why choose a Flange Shaft for your machinery?</strong></h3><p>Flange shafts are a reliable and efficient solution for mechanical systems that require strong connections and precise alignment. Their durability, ease of installation, and ability to handle heavy loads make them a preferred choice in industrial applications. They ensure consistent performance and long-term reliability.</p>', 'Flange Shaft | Durable Industrial Shaft with Flange Connection', 'Explore high-quality flange shafts for industrial use. precision engineered shaft solutions for machinery and mechanical systems.', 'Durable and precision-engineered flange shafts designed for strong mechanical connections in industrial and machinery applications.', '2026-02-14 06:07:31', '2026-04-04 00:55:38', NULL),
(5, 'MS Flange: Durable and Reliable Mild Steel Flanges for Industrial Applications', 'ms-flange-mild-steel-flanges-industrial-use', '<h3><strong>What is an MS Flange?</strong></h3><p>An MS Flange, also known as a Mild Steel Flange, is a mechanical component used to connect pipes, valves, pumps, and other equipment in a piping system. It provides a secure and leak-proof joint by joining two pipe sections with bolts and a gasket in between. MS flanges are widely used in industrial and commercial applications due to their strength, durability, and cost-effectiveness.</p><h3><strong>Why are MS Flanges important in piping systems?</strong></h3><p>MS flanges play a crucial role in maintaining the integrity and efficiency of piping systems. They ensure a strong connection between different components, preventing leakage and maintaining consistent flow. Without flanges, it would be difficult to assemble, disassemble, or maintain piping systems effectively. Their ability to provide easy access for inspection and repair makes them an essential part of modern infrastructure.</p><h3><strong>What material is used in MS Flanges?</strong></h3><p>MS flanges are made from mild steel, which is a low-carbon steel known for its excellent machinability and weldability. This material offers a perfect balance between strength and flexibility, making it suitable for various industrial applications. Mild steel is also more affordable compared to other materials like stainless steel, which makes MS flanges a cost-effective solution.</p><h3><strong>What are the main advantages of MS Flanges?</strong></h3><p>MS flanges offer several benefits, including high strength, durability, and ease of installation. They are cost-effective and widely available, making them suitable for both small and large-scale projects. Their ability to be customized in different sizes and specifications adds to their versatility. Additionally, they can be coated or treated to improve corrosion resistance, extending their lifespan.</p><h3><strong>Where are MS Flanges commonly used?</strong></h3><p>MS flanges are used in a wide range of industries, including oil and gas, construction, water treatment, power plants, and manufacturing. They are commonly found in pipelines that transport water, oil, gas, and other fluids. Their adaptability makes them suitable for both residential and industrial applications.</p><h3><strong>What types of MS Flanges are available?</strong></h3><p>There are several types of MS flanges available, including slip-on flanges, weld neck flanges, blind flanges, threaded flanges, and socket weld flanges. Each type is designed for specific applications and pressure requirements. For example, slip-on flanges are easy to install, while weld neck flanges are used in high-pressure systems for added strength.</p><h3><strong>How are MS Flanges installed?</strong></h3><p>MS flanges are installed by aligning them with the pipe ends and securing them with bolts. A gasket is placed between the flanges to ensure a tight seal and prevent leakage. Proper alignment and even tightening of bolts are essential to achieve a secure connection. Installation is relatively simple, which reduces labor time and cost.</p><h3><strong>Are MS Flanges resistant to corrosion?</strong></h3><p>Mild steel is not naturally corrosion-resistant, but MS flanges can be treated with coatings such as galvanization, painting, or powder coating to protect them from rust and environmental damage. These treatments enhance their durability and make them suitable for use in harsh conditions.</p><h3><strong>What standards do MS Flanges follow?</strong></h3><p>MS flanges are manufactured according to various international standards such as ANSI, ASME, DIN, BS, and IS. These standards ensure that the flanges meet specific quality, safety, and performance requirements, making them reliable for use in different industrial systems.</p><h3><strong>How do MS Flanges compare to stainless steel flanges?</strong></h3><p>MS flanges are more affordable than stainless steel flanges and are suitable for general-purpose applications. While stainless steel flanges offer better corrosion resistance, MS flanges provide sufficient strength and performance for many industrial uses at a lower cost. This makes them a practical choice for projects where budget is a concern.</p><h3><strong>How can you maintain MS Flanges for long-term use?</strong></h3><p>Proper maintenance of MS flanges involves regular inspection for signs of wear, corrosion, or damage. Cleaning the surface, reapplying protective coatings, and ensuring that bolts are properly tightened can help extend their lifespan. Replacing worn-out gaskets and addressing minor issues promptly can prevent major problems in the future.</p><h3><strong>Why should you choose MS Flanges for your project?</strong></h3><p>MS flanges are a reliable and cost-effective solution for connecting piping systems. Their strength, durability, and ease of installation make them suitable for a wide range of applications. Whether you are working on an industrial pipeline or a commercial plumbing system, MS flanges offer dependable performance and long-term value.</p>', 'MS Flange | Mild Steel Flanges for Industrial Pipe Connections', 'Buy high-quality MS flanges for strong and durable pipe connections. Ideal for industrial use, offering reliability, strength, and cost-effective performance.', 'High-quality MS (Mild Steel) flanges designed for strong, leak-proof pipe connections in industrial and commercial applications.', '2026-04-04 00:40:13', '2026-04-04 00:40:13', NULL),
(6, 'Metal Bush Components: Precision Engineered Bushings for Industrial Applications', 'metal-bush-components-precision-industrial-bushings', '<h3><strong>What are Metal Bush Components?</strong></h3><p>Metal bush components are cylindrical mechanical parts designed to reduce friction between moving components and support rotating shafts in machinery. These bushes act as a protective layer between two surfaces, minimizing direct metal-to-metal contact and ensuring smooth operation. They are widely used in industrial, automotive, and mechanical systems due to their reliability and durability.</p><h3><strong>Why are Metal Bushes important in mechanical systems?</strong></h3><p>Metal bushes play a crucial role in maintaining the efficiency and longevity of machinery. By reducing friction and wear, they prevent damage to critical components such as shafts and housings. This not only improves performance but also reduces maintenance costs and downtime, making them an essential part of any mechanical system.</p><h3><strong>What materials are used in Metal Bush Components?</strong></h3><p>Metal bush components are typically manufactured using materials such as mild steel, stainless steel, bronze, and brass. Each material offers specific benefits depending on the application. For example, bronze bushes provide excellent wear resistance, while mild steel bushes offer strength and cost-effectiveness. The choice of material depends on load, speed, and environmental conditions.</p><h3><strong>What are the key features of Metal Bush Components?</strong></h3><p>These components are known for their high durability, precision design, and excellent load-bearing capacity. They are engineered to provide smooth motion, reduce vibration, and ensure proper alignment of moving parts. Their compact structure allows them to fit easily into various mechanical assemblies.</p><h3><strong>Where are Metal Bush Components commonly used?</strong></h3><p>Metal bush components are widely used in industries such as automotive, manufacturing, construction, and heavy machinery. They are commonly found in engines, gear systems, pumps, conveyors, and industrial equipment where smooth rotational movement is required.</p><h3><strong>What are the advantages of using Metal Bush Components?</strong></h3><p>The main advantage of metal bushes is their ability to reduce friction and wear, which enhances the efficiency and lifespan of machinery. They also help in absorbing shock and reducing noise during operation. Additionally, they are easy to install, cost-effective, and require minimal maintenance.</p><h3><strong>How do Metal Bush Components work?</strong></h3><p>Metal bushes work by acting as an interface between a rotating shaft and a stationary surface. As the shaft rotates, the bush absorbs friction and prevents direct contact between metal parts. This reduces wear and ensures smooth and efficient operation of the system.</p><h3><strong>Are Metal Bush Components durable?</strong></h3><p>Yes, metal bush components are designed to be highly durable and capable of withstanding heavy loads and continuous use. With proper material selection and maintenance, they can perform reliably even in demanding industrial environments.</p><h3><strong>How should Metal Bush Components be maintained?</strong></h3><p>Maintenance involves regular inspection for wear, proper lubrication, and cleaning to remove dust and debris. Ensuring proper alignment and replacing worn-out bushes on time helps maintain system efficiency and prevents damage to other components.</p><h3><strong>Can Metal Bush Components be customized?</strong></h3><p>Yes, these components can be customized based on specific requirements such as size, material, inner and outer diameter, and application needs. This flexibility makes them suitable for a wide range of industries and machinery types.</p><h3><strong>Why choose Metal Bush Components for your application?</strong></h3><p>Metal bush components offer a perfect combination of strength, precision, and durability. Their ability to reduce friction, improve performance, and extend the lifespan of machinery makes them an ideal choice for industrial and mechanical applications.</p>', 'Metal Bush Components | Durable Industrial Bushings', 'Explore precision metal bush components for reduced friction, high durability, and efficient performance in industrial and mechanical applications.', 'High-quality metal bush components designed for smooth operation, reduced friction, and long-lasting performance in industrial machinery.', '2026-04-04 01:10:29', '2026-04-04 01:10:29', NULL);

-- --------------------------------------------------------

--
-- Table structure for table `failed_jobs`
--

DROP TABLE IF EXISTS `failed_jobs`;
CREATE TABLE IF NOT EXISTS `failed_jobs` (
  `id` bigint UNSIGNED NOT NULL AUTO_INCREMENT,
  `uuid` varchar(191) COLLATE utf8mb4_unicode_ci NOT NULL,
  `connection` text COLLATE utf8mb4_unicode_ci NOT NULL,
  `queue` text COLLATE utf8mb4_unicode_ci NOT NULL,
  `payload` longtext COLLATE utf8mb4_unicode_ci NOT NULL,
  `exception` longtext COLLATE utf8mb4_unicode_ci NOT NULL,
  `failed_at` timestamp NOT NULL DEFAULT CURRENT_TIMESTAMP,
  PRIMARY KEY (`id`),
  UNIQUE KEY `failed_jobs_uuid_unique` (`uuid`)
) ENGINE=MyISAM DEFAULT CHARSET=utf8mb4 COLLATE=utf8mb4_unicode_ci;

-- --------------------------------------------------------

--
-- Table structure for table `media`
--

DROP TABLE IF EXISTS `media`;
CREATE TABLE IF NOT EXISTS `media` (
  `id` bigint UNSIGNED NOT NULL AUTO_INCREMENT,
  `model_type` varchar(191) COLLATE utf8mb4_unicode_ci NOT NULL,
  `model_id` bigint UNSIGNED NOT NULL,
  `uuid` char(36) COLLATE utf8mb4_unicode_ci DEFAULT NULL,
  `collection_name` varchar(191) COLLATE utf8mb4_unicode_ci NOT NULL,
  `name` varchar(191) COLLATE utf8mb4_unicode_ci NOT NULL,
  `file_name` varchar(191) COLLATE utf8mb4_unicode_ci NOT NULL,
  `mime_type` varchar(191) COLLATE utf8mb4_unicode_ci DEFAULT NULL,
  `disk` varchar(191) COLLATE utf8mb4_unicode_ci NOT NULL,
  `conversions_disk` varchar(191) COLLATE utf8mb4_unicode_ci DEFAULT NULL,
  `size` bigint UNSIGNED NOT NULL,
  `manipulations` json NOT NULL,
  `custom_properties` json NOT NULL,
  `generated_conversions` json NOT NULL,
  `responsive_images` json NOT NULL,
  `order_column` int UNSIGNED DEFAULT NULL,
  `created_at` timestamp NULL DEFAULT NULL,
  `updated_at` timestamp NULL DEFAULT NULL,
  PRIMARY KEY (`id`),
  UNIQUE KEY `media_uuid_unique` (`uuid`),
  KEY `media_model_type_model_id_index` (`model_type`,`model_id`),
  KEY `media_order_column_index` (`order_column`)
) ENGINE=MyISAM AUTO_INCREMENT=41 DEFAULT CHARSET=utf8mb4 COLLATE=utf8mb4_unicode_ci;

--
-- Dumping data for table `media`
--

INSERT INTO `media` (`id`, `model_type`, `model_id`, `uuid`, `collection_name`, `name`, `file_name`, `mime_type`, `disk`, `conversions_disk`, `size`, `manipulations`, `custom_properties`, `generated_conversions`, `responsive_images`, `order_column`, `created_at`, `updated_at`) VALUES
(2, 'App\\Models\\Blog', 2, '8840bd60-16cd-47d3-bd99-db68a0ffd97f', 'main_image', '69905cfcb5469_download (2)', '69905cfcb5469_download-(2).jpg', 'image/jpeg', 'public', 'public', 65055, '[]', '[]', '[]', '[]', 1, '2026-02-14 06:01:23', '2026-02-14 06:01:23'),
(26, 'App\\Models\\Blog', 3, 'b3f37dee-868e-46ad-982c-86cebc186b0b', 'main_image', '69d0b02b86f45_Gemini_Generated_Image_ln9v9uln9v9uln9v', '69d0b02b86f45_Gemini_Generated_Image_ln9v9uln9v9uln9v.png', 'image/png', 'public', 'public', 1602615, '[]', '[]', '{\"thumb\": true, \"preview\": true}', '[]', 5, '2026-04-04 01:01:10', '2026-04-04 01:01:11'),
(28, 'App\\Models\\Blog', 6, '1ec23737-581b-46af-a08b-1b64dffe2fa1', 'main_image', '69d0b25b1e014_Gemini_Generated_Image_rpscaorpscaorpsc (1)', '69d0b25b1e014_Gemini_Generated_Image_rpscaorpscaorpsc-(1).png', 'image/png', 'public', 'public', 445892, '[]', '[]', '{\"thumb\": true, \"preview\": true}', '[]', 1, '2026-04-04 01:10:29', '2026-04-04 01:10:30'),
(25, 'App\\Models\\Blog', 4, '8f9bb90c-3fe5-492e-abdd-61479a080d05', 'main_image', '69d0aecc97bba_Gemini_Generated_Image_2fcmf92fcmf92fcm', '69d0aecc97bba_Gemini_Generated_Image_2fcmf92fcmf92fcm.png', 'image/png', 'public', 'public', 2037527, '[]', '[]', '{\"thumb\": true, \"preview\": true}', '[]', 5, '2026-04-04 00:55:19', '2026-04-04 00:55:20'),
(27, 'App\\Models\\Blog', 1, '0dc5bde3-07ab-4f0a-8e5d-477c22ffc355', 'main_image', '69d0b1529b4f7_Gemini_Generated_Image_q4y8x3q4y8x3q4y8', '69d0b1529b4f7_Gemini_Generated_Image_q4y8x3q4y8x3q4y8.png', 'image/png', 'public', 'public', 1936188, '[]', '[]', '{\"thumb\": true, \"preview\": true}', '[]', 1, '2026-04-04 01:06:07', '2026-04-04 01:06:09'),
(32, 'App\\Models\\Product', 4, '757d6590-d016-42cf-b2bc-3531db345fe9', 'main_image', '69d0ca1f89273_flange-2.jpg', '69d0ca1f89273_flange-2.jpg.jpeg', 'image/jpeg', 'public', 'public', 27394, '[]', '[]', '{\"large\": true, \"thumb\": true, \"preview\": true}', '[]', 1, '2026-04-04 02:51:54', '2026-04-04 02:51:55'),
(33, 'App\\Models\\Product', 5, 'b56b9d54-2b97-4edb-8cdf-997eaeaeafb9', 'main_image', '69d0cacd6ab9d_flange-buus.jpg', '69d0cacd6ab9d_flange-buus.jpg.jpeg', 'image/jpeg', 'public', 'public', 24827, '[]', '[]', '{\"large\": true, \"thumb\": true, \"preview\": true}', '[]', 1, '2026-04-04 02:54:48', '2026-04-04 02:54:49'),
(34, 'App\\Models\\Product', 6, 'f4eb1c23-0273-4150-9524-534e395905a7', 'main_image', '69d0cb623784f_flange-sharp.jpg', '69d0cb623784f_flange-sharp.jpg.jpeg', 'image/jpeg', 'public', 'public', 12782, '[]', '[]', '{\"large\": true, \"thumb\": true, \"preview\": true}', '[]', 1, '2026-04-04 03:02:01', '2026-04-04 03:02:03'),
(31, 'App\\Models\\Product', 3, 'b49bf131-afa5-48c3-b2b8-5e0134d5569e', 'main_image', '69d0c9ad4a0c7_bush-set.jpg', '69d0c9ad4a0c7_bush-set.jpg.jpeg', 'image/jpeg', 'public', 'public', 10582, '[]', '[]', '{\"large\": true, \"thumb\": true, \"preview\": true}', '[]', 1, '2026-04-04 02:50:00', '2026-04-04 02:50:02'),
(29, 'App\\Models\\Product', 2, '5f7a74e6-0c03-4e78-8e21-32f14911f012', 'main_image', '69d0c7c7d0f8a_all-types-bush.jpg', '69d0c7c7d0f8a_all-types-bush.jpg.jpeg', 'image/jpeg', 'public', 'public', 17602, '[]', '[]', '{\"large\": true, \"thumb\": true, \"preview\": true}', '[]', 3, '2026-04-04 02:41:55', '2026-04-04 02:41:57'),
(30, 'App\\Models\\Product', 1, 'abcedd7a-59c2-43e0-b9e4-ace14fbaaed9', 'main_image', '69d0c8fbefb74_brash-bush.jpg', '69d0c8fbefb74_brash-bush.jpg.jpeg', 'image/jpeg', 'public', 'public', 41903, '[]', '[]', '{\"large\": true, \"thumb\": true, \"preview\": true}', '[]', 5, '2026-04-04 02:47:02', '2026-04-04 02:47:03'),
(24, 'App\\Models\\Blog', 5, '83e3ca05-a2e7-400e-bfbe-cee08cc80042', 'main_image', '69d0acbd81817_Gemini_Generated_Image_axbhlmaxbhlmaxbh', '69d0acbd81817_Gemini_Generated_Image_axbhlmaxbhlmaxbh.png', 'image/png', 'public', 'public', 1723920, '[]', '[]', '{\"thumb\": true, \"preview\": true}', '[]', 1, '2026-04-04 00:46:33', '2026-04-04 00:46:34'),
(35, 'App\\Models\\Product', 7, '74b730dd-f430-4484-93ca-e21e305b0bfc', 'main_image', '69d0cd5bdcb51_HexNUT.jpg', '69d0cd5bdcb51_HexNUT.jpg.jpeg', 'image/jpeg', 'public', 'public', 14415, '[]', '[]', '{\"large\": true, \"thumb\": true, \"preview\": true}', '[]', 1, '2026-04-04 03:05:43', '2026-04-04 03:05:45'),
(36, 'App\\Models\\Product', 8, '91b0c09e-c34f-4a91-b29b-1f330625e37a', 'main_image', '69d0cdcc846ac_ms-flange.jpg', '69d0cdcc846ac_ms-flange.jpg.jpeg', 'image/jpeg', 'public', 'public', 29320, '[]', '[]', '{\"large\": true, \"thumb\": true, \"preview\": true}', '[]', 1, '2026-04-04 03:08:03', '2026-04-04 03:08:04'),
(37, 'App\\Models\\Product', 9, '0697d717-49d9-4213-9af9-37316a9a0798', 'main_image', '69d0cebd1ae14_pro-1.jpg', '69d0cebd1ae14_pro-1.jpg.jpeg', 'image/jpeg', 'public', 'public', 42660, '[]', '[]', '{\"large\": true, \"thumb\": true, \"preview\": true}', '[]', 1, '2026-04-04 03:12:01', '2026-04-04 03:12:03'),
(38, 'App\\Models\\Product', 10, '81110d49-f68b-4157-9116-f0509f5a692e', 'main_image', '69d0cfbd9bafd_pro-2.jpg', '69d0cfbd9bafd_pro-2.jpg.jpeg', 'image/jpeg', 'public', 'public', 17007, '[]', '[]', '{\"large\": true, \"thumb\": true, \"preview\": true}', '[]', 1, '2026-04-04 03:16:17', '2026-04-04 03:16:18'),
(39, 'App\\Models\\Product', 11, '1183db1e-1114-482c-84ba-1a6c2b3702fb', 'main_image', '69d0cfe3dd6af_pro-3.jpg', '69d0cfe3dd6af_pro-3.jpg.jpeg', 'image/jpeg', 'public', 'public', 35909, '[]', '[]', '{\"large\": true, \"thumb\": true, \"preview\": true}', '[]', 1, '2026-04-04 03:20:12', '2026-04-04 03:20:13'),
(40, 'App\\Models\\Product', 12, 'b9d76761-0b73-4033-8bf0-bb5fd5b9b1d9', 'main_image', '69d0d0f741dc5_pro-5.jpg', '69d0d0f741dc5_pro-5.jpg.jpeg', 'image/jpeg', 'public', 'public', 24112, '[]', '[]', '{\"large\": true, \"thumb\": true, \"preview\": true}', '[]', 1, '2026-04-04 03:24:50', '2026-04-04 03:24:51');

-- --------------------------------------------------------

--
-- Table structure for table `migrations`
--

DROP TABLE IF EXISTS `migrations`;
CREATE TABLE IF NOT EXISTS `migrations` (
  `id` int UNSIGNED NOT NULL AUTO_INCREMENT,
  `migration` varchar(191) COLLATE utf8mb4_unicode_ci NOT NULL,
  `batch` int NOT NULL,
  PRIMARY KEY (`id`)
) ENGINE=MyISAM AUTO_INCREMENT=14 DEFAULT CHARSET=utf8mb4 COLLATE=utf8mb4_unicode_ci;

--
-- Dumping data for table `migrations`
--

INSERT INTO `migrations` (`id`, `migration`, `batch`) VALUES
(1, '2014_10_12_100000_create_password_reset_tokens_table', 1),
(2, '2019_08_19_000000_create_failed_jobs_table', 1),
(3, '2019_12_14_000001_create_personal_access_tokens_table', 1),
(4, '2025_08_22_000001_create_audit_logs_table', 1),
(5, '2025_08_22_000002_create_media_table', 1),
(6, '2025_08_22_000003_create_permissions_table', 1),
(7, '2025_08_22_000004_create_roles_table', 1),
(8, '2025_08_22_000005_create_users_table', 1),
(9, '2025_08_22_000008_create_blogs_table', 1),
(10, '2025_08_22_000010_create_permission_role_pivot_table', 1),
(11, '2025_08_22_000011_create_role_user_pivot_table', 1),
(12, '2026_02_14_115903_create_product_categories_table', 2),
(13, '2026_02_14_122025_create_products_table', 3);

-- --------------------------------------------------------

--
-- Table structure for table `password_reset_tokens`
--

DROP TABLE IF EXISTS `password_reset_tokens`;
CREATE TABLE IF NOT EXISTS `password_reset_tokens` (
  `email` varchar(191) COLLATE utf8mb4_unicode_ci NOT NULL,
  `token` varchar(191) COLLATE utf8mb4_unicode_ci NOT NULL,
  `created_at` timestamp NULL DEFAULT NULL,
  PRIMARY KEY (`email`)
) ENGINE=MyISAM DEFAULT CHARSET=utf8mb4 COLLATE=utf8mb4_unicode_ci;

-- --------------------------------------------------------

--
-- Table structure for table `permissions`
--

DROP TABLE IF EXISTS `permissions`;
CREATE TABLE IF NOT EXISTS `permissions` (
  `id` bigint UNSIGNED NOT NULL AUTO_INCREMENT,
  `title` varchar(191) COLLATE utf8mb4_unicode_ci DEFAULT NULL,
  `created_at` timestamp NULL DEFAULT NULL,
  `updated_at` timestamp NULL DEFAULT NULL,
  `deleted_at` timestamp NULL DEFAULT NULL,
  PRIMARY KEY (`id`)
) ENGINE=MyISAM AUTO_INCREMENT=50 DEFAULT CHARSET=utf8mb4 COLLATE=utf8mb4_unicode_ci;

--
-- Dumping data for table `permissions`
--

INSERT INTO `permissions` (`id`, `title`, `created_at`, `updated_at`, `deleted_at`) VALUES
(1, 'user_management_access', NULL, NULL, NULL),
(2, 'permission_create', NULL, NULL, NULL),
(3, 'permission_edit', NULL, NULL, NULL),
(4, 'permission_show', NULL, NULL, NULL),
(5, 'permission_delete', NULL, NULL, NULL),
(6, 'permission_access', NULL, NULL, NULL),
(7, 'role_create', NULL, NULL, NULL),
(8, 'role_edit', NULL, NULL, NULL),
(9, 'role_show', NULL, NULL, NULL),
(10, 'role_delete', NULL, NULL, NULL),
(11, 'role_access', NULL, NULL, NULL),
(12, 'user_create', NULL, NULL, NULL),
(13, 'user_edit', NULL, NULL, NULL),
(14, 'user_show', NULL, NULL, NULL),
(15, 'user_delete', NULL, NULL, NULL),
(16, 'user_access', NULL, NULL, NULL),
(17, 'audit_log_show', NULL, NULL, NULL),
(18, 'audit_log_access', NULL, NULL, NULL),
(19, 'testimonial_create', NULL, NULL, NULL),
(20, 'testimonial_edit', NULL, NULL, NULL),
(21, 'testimonial_show', NULL, NULL, NULL),
(22, 'testimonial_delete', NULL, NULL, NULL),
(23, 'testimonial_access', NULL, NULL, NULL),
(24, 'inquiry_create', NULL, NULL, NULL),
(25, 'inquiry_edit', NULL, NULL, NULL),
(26, 'inquiry_show', NULL, NULL, NULL),
(27, 'inquiry_delete', NULL, NULL, NULL),
(28, 'inquiry_access', NULL, NULL, NULL),
(29, 'blog_create', NULL, NULL, NULL),
(30, 'blog_edit', NULL, NULL, NULL),
(31, 'blog_show', NULL, NULL, NULL),
(32, 'blog_delete', NULL, NULL, NULL),
(33, 'blog_access', NULL, NULL, NULL),
(34, 'asset_management_create', NULL, NULL, NULL),
(35, 'asset_management_edit', NULL, NULL, NULL),
(36, 'asset_management_show', NULL, NULL, NULL),
(37, 'asset_management_delete', NULL, NULL, NULL),
(38, 'asset_management_access', NULL, NULL, NULL),
(39, 'profile_password_edit', NULL, NULL, NULL),
(40, 'product_create', '2026-02-15 03:08:14', '2026-02-15 03:08:14', NULL),
(41, 'product_edit', '2026-02-15 03:08:15', '2026-02-15 03:08:15', NULL),
(42, 'product_show', '2026-02-15 03:08:15', '2026-02-15 03:08:15', NULL),
(43, 'product_delete', '2026-02-15 03:08:15', '2026-02-15 03:08:15', NULL),
(44, 'product_access', '2026-02-15 03:08:15', '2026-02-15 03:08:15', NULL),
(45, 'product_category_create', '2026-02-15 03:08:15', '2026-02-15 03:08:15', NULL),
(46, 'product_category_edit', '2026-02-15 03:08:15', '2026-02-15 03:08:15', NULL),
(47, 'product_category_show', '2026-02-15 03:08:15', '2026-02-15 03:08:15', NULL),
(48, 'product_category_delete', '2026-02-15 03:08:15', '2026-02-15 03:08:15', NULL),
(49, 'product_category_access', '2026-02-15 03:08:15', '2026-02-15 03:08:15', NULL);

-- --------------------------------------------------------

--
-- Table structure for table `permission_role`
--

DROP TABLE IF EXISTS `permission_role`;
CREATE TABLE IF NOT EXISTS `permission_role` (
  `role_id` bigint UNSIGNED NOT NULL,
  `permission_id` bigint UNSIGNED NOT NULL,
  KEY `role_id_fk_10695133` (`role_id`),
  KEY `permission_id_fk_10695133` (`permission_id`)
) ENGINE=MyISAM DEFAULT CHARSET=utf8mb4 COLLATE=utf8mb4_unicode_ci;

--
-- Dumping data for table `permission_role`
--

INSERT INTO `permission_role` (`role_id`, `permission_id`) VALUES
(1, 1),
(1, 2),
(1, 3),
(1, 4),
(1, 5),
(1, 6),
(1, 7),
(1, 8),
(1, 9),
(1, 10),
(1, 11),
(1, 12),
(1, 13),
(1, 14),
(1, 15),
(1, 16),
(1, 17),
(1, 18),
(1, 19),
(1, 20),
(1, 21),
(1, 22),
(1, 23),
(1, 24),
(1, 25),
(1, 26),
(1, 27),
(1, 28),
(1, 29),
(1, 30),
(1, 31),
(1, 32),
(1, 33),
(1, 49),
(1, 48),
(1, 47),
(1, 46),
(1, 45),
(1, 39),
(2, 17),
(2, 18),
(2, 19),
(2, 20),
(2, 21),
(2, 22),
(2, 23),
(2, 24),
(2, 25),
(2, 26),
(2, 27),
(2, 28),
(2, 29),
(2, 30),
(2, 31),
(2, 32),
(2, 33),
(1, 44),
(1, 43),
(1, 42),
(1, 41),
(1, 40),
(2, 39);

-- --------------------------------------------------------

--
-- Table structure for table `personal_access_tokens`
--

DROP TABLE IF EXISTS `personal_access_tokens`;
CREATE TABLE IF NOT EXISTS `personal_access_tokens` (
  `id` bigint UNSIGNED NOT NULL AUTO_INCREMENT,
  `tokenable_type` varchar(191) COLLATE utf8mb4_unicode_ci NOT NULL,
  `tokenable_id` bigint UNSIGNED NOT NULL,
  `name` varchar(191) COLLATE utf8mb4_unicode_ci NOT NULL,
  `token` varchar(64) COLLATE utf8mb4_unicode_ci NOT NULL,
  `abilities` text COLLATE utf8mb4_unicode_ci,
  `last_used_at` timestamp NULL DEFAULT NULL,
  `expires_at` timestamp NULL DEFAULT NULL,
  `created_at` timestamp NULL DEFAULT NULL,
  `updated_at` timestamp NULL DEFAULT NULL,
  PRIMARY KEY (`id`),
  UNIQUE KEY `personal_access_tokens_token_unique` (`token`),
  KEY `personal_access_tokens_tokenable_type_tokenable_id_index` (`tokenable_type`,`tokenable_id`)
) ENGINE=MyISAM DEFAULT CHARSET=utf8mb4 COLLATE=utf8mb4_unicode_ci;

-- --------------------------------------------------------

--
-- Table structure for table `products`
--

DROP TABLE IF EXISTS `products`;
CREATE TABLE IF NOT EXISTS `products` (
  `id` bigint UNSIGNED NOT NULL AUTO_INCREMENT,
  `product_category_id` bigint UNSIGNED DEFAULT NULL,
  `name` varchar(191) COLLATE utf8mb4_unicode_ci NOT NULL,
  `slug` varchar(191) COLLATE utf8mb4_unicode_ci NOT NULL,
  `short_description` text COLLATE utf8mb4_unicode_ci,
  `long_description` longtext COLLATE utf8mb4_unicode_ci,
  `meta_title` varchar(191) COLLATE utf8mb4_unicode_ci DEFAULT NULL,
  `meta_description` text COLLATE utf8mb4_unicode_ci,
  `meta_keywords` text COLLATE utf8mb4_unicode_ci,
  `is_featured` tinyint(1) NOT NULL DEFAULT '0',
  `is_active` tinyint(1) NOT NULL DEFAULT '1',
  `sort_order` int NOT NULL DEFAULT '0',
  `created_at` timestamp NULL DEFAULT NULL,
  `updated_at` timestamp NULL DEFAULT NULL,
  PRIMARY KEY (`id`),
  UNIQUE KEY `products_slug_unique` (`slug`),
  KEY `products_product_category_id_foreign` (`product_category_id`),
  KEY `products_slug_index` (`slug`),
  KEY `products_is_active_index` (`is_active`),
  KEY `products_is_featured_index` (`is_featured`),
  KEY `products_sort_order_index` (`sort_order`)
) ENGINE=MyISAM AUTO_INCREMENT=13 DEFAULT CHARSET=utf8mb4 COLLATE=utf8mb4_unicode_ci;

--
-- Dumping data for table `products`
--

INSERT INTO `products` (`id`, `product_category_id`, `name`, `slug`, `short_description`, `long_description`, `meta_title`, `meta_description`, `meta_keywords`, `is_featured`, `is_active`, `sort_order`, `created_at`, `updated_at`) VALUES
(1, NULL, 'Premium Brass Flanged Bushings & Machined Bronze Sleeves', 'premium-brass-flanged-bushings-machined-bronze-sleeves', 'High-quality brass flanged bushings designed for low-friction, anti-corrosive performance in industrial, plumbing, and automotive applications. Precision-machined for superior fit and longevity.', '<h3><strong>The Gold Standard in Mechanical Friction Reduction</strong></h3><p>In the demanding world of mechanical engineering, the <strong>Brass Flanged Bushing</strong> remains the cornerstone of reliable, long-lasting machinery. Designed to act as a high-performance plain bearing, these components provide a low-friction interface between rotating shafts and stationary housings. Our premium brass sleeves are engineered for those who refuse to compromise on precision, durability, and corrosion resistance.</p><p>Unlike standard steel alternatives, our brass bushings offer a unique metallurgical advantage. Brass is a \"red metal\" alloy primarily composed of copper and zinc, which grants it natural lubricity. This makes it the ideal choice for applications where high-speed rotation or heavy oscillating loads would otherwise cause \"galling\" or terminal wear on expensive drive shafts.</p><h3><strong>Technical Excellence: Material Science and Composition</strong></h3><p>The secret to our product\'s longevity lies in the <strong>metallurgical purity</strong> of the brass alloy used. Every bushing in this collection is machined from high-tensile brass (specifically Grade C360 or equivalent), ensuring a perfect balance between machinability and structural integrity.</p><p><strong>Anti-Corrosive Properties:</strong> Brass naturally forms a protective oxide layer. This makes these bushings indispensable for marine environments, chemical processing plants, and outdoor agricultural machinery where moisture and oxidation would destroy standard iron-based components.</p><p><strong>Thermal Conductivity:</strong> One of the primary causes of bearing failure is heat buildup. Brass excels at conducting heat away from the friction point, dissipating thermal energy into the housing and protecting the integrity of your lubricants.</p><p><strong>Sacrificial Wear Design:</strong> We engineer these bushings to be slightly softer than the hardened steel shafts they support. In the event of a lubrication failure or extreme wear, the bushing will wear down while saving your expensive crankshaft or drive assembly from damage, making maintenance significantly more cost-effective.</p><h3><strong>Precision Engineering and Flange Geometry</strong></h3><p>The <strong>Flanged Design</strong> of these bushings (as seen in the provided product images) is a critical feature for high-performance assemblies.</p><p><strong>Axial Load Management:</strong> The integrated flange acts as a thrust bearing surface. It is designed to handle \"pushing\" forces that occur along the axis of the shaft, ensuring that the component stays perfectly aligned even under lateral pressure.</p><p><strong>Mechanical Retention:</strong> The flange provides a positive stop during the installation process. This prevents the bushing from \"walking\" or migrating through the housing under heavy vibration, a common failure point in straight-sleeve designs.</p><p><strong>Tolerance Control:</strong> Our CNC machining process ensures that both the Inner Diameter (ID) and Outer Diameter (OD) are held to micron-level tolerances. This ensures a perfect \"interference fit\" in your housing while maintaining a smooth \"running fit\" for the shaft.</p><h3><strong>Diverse Industrial Applications</strong></h3><p>Our brass bushings are found at the heart of the world’s most critical industries:</p><p><strong>Automotive Systems:</strong> Used extensively in starter motors, wiper assemblies, and suspension linkages where smooth, silent operation is required.</p><p><strong>Heavy Machinery &amp; Construction:</strong> Ideal for hydraulic cylinder pivots, earthmoving equipment joints, and crane pulleys that operate in dusty, high-load environments.</p><p><strong>Marine &amp; Offshore:</strong> Because brass resists saltwater corrosion, these sleeves are the standard for rudder posts, propeller shaft supports, and deck winch systems.</p><p><strong>Industrial Pumps &amp; Valves:</strong> In fluid handling, these bushings provide the stability needed for valve stems to open and close thousands of times without sticking or leaking.</p><p><strong>Textile &amp; Paper Mills:</strong> Where high-speed rollers require constant, low-vibration support to ensure product quality and prevent material tearing.</p>', 'Precision Brass Bushings | Flanged Bronze Sleeves', 'Discover high-quality brass flanged bushings and bronze sleeves. Anti-corrosive, low-friction mechanical bearings for industrial and automotive use. Order in bulk today.', 'brass bushings, flanged brass sleeves, bronze bearings, anti-corrosive bushings, machined brass parts, industrial bronze sleeves, plain bearings, brass hardware.', 1, 1, 1, '2026-02-14 07:44:58', '2026-04-04 02:47:01'),
(2, NULL, 'Industrial Metal Bushings and Precision Steel Sleeves (Multi-Type Set)', 'industrial-metal-bushings-precision-steel-sleeves', 'High-grade, durable metal bushings and precision-machined sleeves designed for heavy-duty industrial machinery, automotive systems, and mechanical assemblies. Available in various sizes, finishes, and configurations.', '<h3><strong>Introduction to High-Performance Bushings</strong></h3><p>In the world of mechanical engineering, the smallest components often carry the heaviest burdens. Industrial bushings and sleeves—also known as plain bearings—are the unsung heroes of machinery. These cylindrical components are designed to provide a bearing surface for rotary applications, absorb shock, reduce friction, and protect expensive shafts from premature wear.</p><p>Our collection of precision-engineered metal bushings is manufactured to meet the rigorous demands of modern industry. From hydraulic systems in construction equipment to high-speed assemblies in automotive manufacturing, these components ensure that metal-on-metal contact is managed with surgical precision.</p><h3><strong>Engineering Excellence: Material and Composition</strong></h3><p>The durability of a bushing is only as good as the metallurgy behind it. Our range utilizes several high-grade materials tailored for specific environments:</p><p><strong>Carbon Steel (C45/1045):</strong> The industry standard for high-strength applications. These are often heat-treated to achieve a specific Rockwell hardness, ensuring they don\'t deform under extreme radial loads.</p><p><strong>Stainless Steel (304/316):</strong> Essential for food processing, marine, and chemical industries where corrosion resistance is non-negotiable.</p><p><strong>Alloy Steels:</strong> Infused with chrome or molybdenum for high-heat environments where standard steel might lose its temper.</p><p><strong>Surface Treatments:</strong> We offer various finishes, including Zinc Plating for moisture protection, Black Oxide for anti-galling, and Case Hardening for maximum surface wear resistance while maintaining a ductile core.</p><h3><strong>The Anatomy of Our Bushing Range</strong></h3><p>As seen in our product catalog, we provide a diverse array of geometries:</p><p><strong>Threaded Bushings:</strong> Designed for secure integration into housings where press-fitting isn\'t ideal.</p><p><strong>Flanged Sleeves:</strong> Featuring a \"lip\" or flange that allows the bushing to handle axial loads and prevents the sleeve from migrating through the mounting hole.</p><p><strong>Solid Pins and Hollow Sleeves:</strong> Perfect for pivot points in linkages and heavy-duty hinges.</p><p><strong>Tapered and Stepped Designs:</strong> For specialized machinery that requires varied diameters within a single housing.</p><h3><strong>Industry Applications</strong></h3><p>Our bushings are trusted across multiple sectors:</p><p><strong>Agriculture:</strong> Used in plow hinges and harvester gearboxes to withstand dirt and grit.</p><p><strong>Automotive:</strong> Found in suspension control arms, steering linkages, and transmission housings.</p><p><strong>Manufacturing:</strong> Core components in conveyor systems, robotic arms, and hydraulic presses.</p><p><strong>Aerospace:</strong> High-tolerance sleeves used in landing gear and flight control actuators.</p>', 'High-Precision Industrial Metal Bushings & Sleeves', 'Shop durable metal bushings and precision steel sleeves. High-strength mechanical components for automotive, industrial, and heavy machinery use. Custom sizes available.', 'industrial bushings, steel sleeves, precision metal bushings, flanged bushings, mechanical sleeves, CNC machined bushings, hardware components, heavy-duty sleeves, automotive bushings.', 0, 1, 2, '2026-02-15 03:29:10', '2026-04-04 02:41:55'),
(3, NULL, 'Industrial Hardened Steel Flanged Bushing & Precision Sleeve Set', 'industrial-hardened-steel-flanged-bushing-set', 'High-performance hardened steel flanged bushings engineered for extreme radial loads and high-wear mechanical assemblies. Features a precision-ground finish and integrated thrust-support flange.', '<h3><strong>Engineered for Extreme Mechanical Stress</strong></h3><p>Our <strong>Industrial Hardened Steel Flanged Bushing Set</strong> is the definitive solution for heavy-duty mechanical pivots, linkages, and high-load rotating assemblies. While standard bushings may deform under intense pressure, our steel bushings are specifically heat-treated to withstand the most punishing industrial environments.</p><p>These components act as a critical interface between a housing and a shaft, absorbing the friction and mechanical wear that would otherwise lead to catastrophic equipment failure. The \"flanged\" geometry is a specialized design choice that adds a secondary layer of protection, allowing the bushing to manage both radial loads (vertical pressure) and axial loads (side-to-side thrust).</p><h3><strong>Superior Material Science: Hardened Carbon Steel</strong></h3><p>The performance of a steel bushing is defined by its Rockwell hardness and surface finish. Our bushing sets are manufactured using premium-grade <strong>High-Carbon Steel</strong>, which undergoes a rigorous <strong>Induction Hardening</strong> or <strong>Case Hardening</strong> process.</p><p><strong>Surface Hardness:</strong> The outer and inner surfaces are hardened to a specific depth, ensuring a glass-hard contact point that resists scratching, galling, and deformation.</p><p><strong>Ductile Core:</strong> While the surface is hard, the inner core of the steel remains relatively ductile. This \"dual-layer\" strength allows the bushing to absorb heavy impacts and vibrations without cracking or shattering under stress.</p><p><strong>Precision Ground Finish:</strong> Every sleeve is precision-ground to a mirror-like finish. This minimizes the initial \"break-in\" period and ensures that friction-generated heat is kept to an absolute minimum, preserving the integrity of your lubricants.</p><h3><strong>The Engineering Advantage of the Flange Design</strong></h3><p>The integrated flange on these bushings is not merely for aesthetics; it provides three distinct mechanical advantages:</p><p><strong>Thrust Load Absorption:</strong> In many machines, shafts don\'t just rotate; they also push against the side of the machine. The flange acts as a built-in thrust washer, supporting these lateral forces and preventing the housing from wearing down.</p><p><strong>Anti-Migration Security:</strong> In high-vibration environments, standard straight sleeves can sometimes \"walk\" or slide out of their mounting holes. The flange provides a physical shoulder that locks the bushing into its seat, ensuring it stays perfectly aligned throughout its service life.</p><p><strong>Simplified Installation:</strong> The flange acts as a natural depth-gauge during the press-fit process, ensuring that the bushing is installed to the exact same depth every single time, maintaining consistent tolerances across your entire assembly line.</p><h3><strong>Core Applications and Industry Usage</strong></h3><p>These steel bushings are the backbone of industries where \"downtime\" is not an option:</p><p><strong>Earthmoving &amp; Construction:</strong> Used in the pivot pins of excavators, loaders, and backhoes where the steel must survive constant exposure to grit, dust, and massive hydraulic force.</p><p><strong>Industrial Automation:</strong> Core components in high-speed robotic arms and conveyor systems where precision and repetitive motion require zero \"slop\" or play in the joints.</p><p><strong>Agriculture:</strong> Essential for the heavy-duty hinges on plows, seeders, and harvesters that operate in demanding outdoor conditions.</p><p><strong>Manufacturing Presses:</strong> Used in the guide pins of stamping presses and injection molding machines to ensure perfectly vertical movement during every cycle.</p><h3><strong>Installation and Maintenance Protocol</strong></h3><p>To maximize the lifespan of your <strong>Steel Bushing Set</strong>, we recommend following these professional guidelines:</p><p><strong>Press-Fit Tolerance:</strong> These bushings are designed for an interference fit. We recommend cooling the bushing (shrinking it) or slightly heating the housing (expanding it) before using a hydraulic press for a seamless, secure installation.</p><p><strong>Lubrication Channels:</strong> These bushings perform best when paired with high-pressure grease. For high-speed applications, ensuring a consistent lubricant film is vital to prevent \"metal-to-metal\" welding.</p><p><strong>Replacement Cycles:</strong> Hardened steel is incredibly durable, but it should be inspected regularly for \"fretting\" or surface pitting. Replacing a bushing early is a fraction of the cost of replacing a damaged drive shaft.</p>', 'Hardened Steel Flanged Bushings | Precision Sleeve Set', 'Shop heavy-duty hardened steel flanged bushings. Precision-ground sleeves for construction, industrial, and automotive pivots. High-load capacity and wear resistance.', 'hardened steel bushings, flanged sleeve set, industrial pivot bushings, case hardened sleeves, mechanical plain bearings, high-carbon steel bushings, heavy duty bushings, CNC steel sleeves.', 0, 1, 0, '2026-04-04 02:50:00', '2026-04-04 02:50:00'),
(4, NULL, 'Product Name: Precision CNC-Machined Steel Mounting Flanges | Industrial Bearing Housings', 'precision-cnc-machined-steel-mounting-flanges', 'Heavy-duty, high-precision steel flanges featuring pre-drilled bolt holes for secure mounting. Ideal for bearing housings, shaft supports, and mechanical assemblies requiring rigid structural integration.', '<h3><strong>Engineered for Structural Rigidity and Precision</strong></h3><p>Our <strong>Precision CNC-Machined Steel Flanges</strong> are the gold standard for industrial mounting and shaft support systems. These components are meticulously engineered to provide a stable, flat, and secure interface between moving mechanical parts and stationary machine frames.</p><p>Unlike standard \"off-the-shelf\" hardware, our flanges undergo a rigorous machining process to ensure that the mounting faces are perfectly perpendicular to the bore. This level of precision is critical in reducing vibration, preventing shaft misalignment, and extending the operational lifespan of your bearings and motors.</p><h3><strong>Key Technical Features</strong></h3><p>The provided image showcases the high-quality craftsmanship of our flange collection, which includes:</p><p><strong>Integrated Bolt-Hole Patterns:</strong> Each flange features pre-machined mounting holes, designed for standard high-tensile bolts. This allows for immediate integration into your machinery without the need for additional drilling or modifications.</p><p><strong>High-Grade Carbon Steel Construction:</strong> Manufactured from industrial-strength steel that offers excellent weldability and high tensile strength, ensuring these flanges can withstand extreme torque and radial loads.</p><p><strong>Precision-Bored Centers:</strong> The central bore is machined to tight tolerances (H7 or better), providing a perfect \"slip-fit\" or \"press-fit\" for bearings, sleeves, or drive shafts.</p><p><strong>Corrosion-Resistant Surface:</strong> Finished with a protective oil film or specialized coating to prevent oxidation during storage and early operation stages.</p><h3><strong>Industry Applications</strong></h3><p>Our mounting flanges are utilized across a spectrum of heavy-duty industries:</p><p><strong>Conveyor Systems:</strong> Serving as the primary mounting point for drive rollers and idle pulleys.</p><p><strong>HVAC &amp; Fan Assemblies:</strong> Providing a rigid base for high-speed blower shafts to minimize noise and vibration.</p><p><strong>Agricultural Equipment:</strong> Used in gearbox mounting and power take-off (PTO) assemblies that endure high-impact field work.</p><p><strong>Hydraulic &amp; Pneumatic Systems:</strong> Ideal for cylinder mounting brackets and manifold interfaces where pressure stability is paramount.</p>', 'Precision CNC Steel Mounting Flanges | Industrial Bearing Housings', 'High-precision steel mounting flanges with bolt holes. Ideal for bearing housings, shaft supports, and industrial machinery. CNC-machined for maximum durability.', 'industrial flanges, steel mounting flange, bearing housing flange, CNC machined flange, shaft support flange, mechanical mounting plate, heavy duty steel flange, precision hardware.', 0, 1, 0, '2026-04-04 02:51:53', '2026-04-04 02:51:53'),
(5, NULL, 'Heavy-Duty Brake Rotor & Premium Brake Pad Set', 'heavyduty-brake-rotor-premium-brake-pad-set', 'Professional-grade brake rotors and friction-optimized brake pads by Brahmani Industries. Engineered for superior heat dissipation, noise reduction, and maximum stopping power for industrial and commercial vehicles.', '<h3><strong>The Ultimate Braking Solution for Demanding Environments</strong></h3><p>At <strong>Brahmani Industries</strong>, safety and precision are our top priorities. Our <strong>Brake Rotor and Pad Sets</strong> are engineered to provide consistent, fade-free braking performance under the most strenuous conditions. Whether for commercial transport, industrial machinery, or heavy-duty automotive applications, these components are designed to withstand extreme thermal stress while maintaining a high coefficient of friction.</p><p>We utilize advanced metallurgical casting techniques to ensure that our rotors are free from internal defects, providing a perfectly balanced rotation that eliminates pedal pulsation and steering wheel vibration.</p><h3><strong>Technical Features &amp; Performance</strong></h3><p>The Brahmani Industries braking kit is a complete friction management system:</p><p><strong>High-Carbon Cast Iron Rotors:</strong> Our rotors are manufactured from high-carbon grey iron, offering excellent thermal conductivity. This ensures that heat is quickly drawn away from the braking surface, preventing \"brake fade\" during repetitive high-speed stops.</p><p><strong>Precision-Ground Friction Surface:</strong> Every rotor is double-disc ground to ensure a non-directional finish. This promotes faster \"bedding-in\" of the pads and ensures a quiet, smooth operation from the very first kilometer.</p><p><strong>Advanced Semi-Metallic Brake Pads:</strong> Included in this set are our premium brake pads, featuring a specialized friction formula that balances aggressive stopping power with low dust and low noise.</p><p><strong>Corrosion-Resistant Coating:</strong> The non-friction surfaces of the rotor are treated with a protective finish to prevent rust buildup on the hub and vents, maintaining the structural integrity and aesthetic of the part.</p><h3><strong>Core Applications</strong></h3><p>Our braking systems are the preferred choice for:</p><p><strong>Light &amp; Heavy Commercial Vehicles:</strong> Reliable stopping power for delivery fleets and transport trucks.</p><p><strong>Industrial Specialized Equipment:</strong> Custom braking solutions for mobile machinery and construction vehicles.</p><p><strong>Automotive Aftermarket:</strong> High-performance replacements for standard OEM braking systems that require a durability upgrade.</p><h3><strong>Why Source from Brahmani Industries?</strong></h3><p>Brahmani Industries is dedicated to the \"Zero-Failure\" philosophy. Every brake disc is mill-balanced to ensure 100% accuracy. By controlling the entire manufacturing process—from casting to final CNC finishing—we guarantee that our customers receive a product that meets or exceeds international safety standards.</p>', 'Brahmani Industries | Heavy-Duty Brake Rotors & Premium Brake Pads', 'Upgrade your vehicle\'s safety with Brahmani Industries brake rotors and pads. Engineered for heat resistance, durability, and superior stopping power. Shop precision braking.', 'Brahmani Industries, brake rotors, brake discs, brake pads, heavy duty brakes, automotive braking system, industrial brake parts, semi-metallic brake pads, disc brake set.', 1, 1, 0, '2026-04-04 02:54:47', '2026-04-04 07:12:06'),
(6, NULL, 'Precision Machined Flange Shaft', 'precision-machined-flange-shaft', 'A high-durability, precision-engineered flange shaft featuring a 4-bolt mounting pattern and integrated lubrication/locking ports. Ideal for industrial machinery, automotive assemblies, and power transmission systems requiring secure, balanced rotation.', '<h4><strong>The Pinnacle of Mechanical Torque Transmission</strong></h4><p>The <strong>Industrial Grade Precision Machined Flange Shaft</strong> represents the intersection of durability and precision. Unlike standard drive components, this shaft is engineered to handle the rigorous demands of continuous industrial cycles. The integrated flange design provides a superior mounting surface that eliminates the rotational \"play\" often found in keyed or coupled shafts, ensuring that every ounce of motor power is transferred directly to your machinery with 99.9% efficiency.</p><h4><strong>Advanced Material Science and Construction</strong></h4><p>Every shaft is forged from high-tensile alloy steel, selected specifically for its resistance to torsional fatigue and shear stress. The manufacturing process involves multi-stage CNC turning and grinding to achieve a mirror-like surface finish on the primary bearing journals.</p><p><strong>Structural Integrity:</strong> The monolithic design (shaft and flange as one unit) prevents the structural weaknesses common in welded assemblies.</p><p><strong>Precision Geometry:</strong> The 4-bolt pattern is laser-aligned to ensure perfect concentricity, reducing vibration and extending the lifespan of connected bearings and seals.</p><p><strong>Wear Resistance:</strong> Surface-hardened to withstand abrasive environments, ensuring the shaft remains true even under high-friction loads.</p><h4><strong>Integrated Lubrication and Sealing Technology</strong></h4><p>A standout feature of this specific model is the strategic placement of radial grooves and a central lubrication orifice. These channels are precision-milled to allow for the consistent flow of industrial lubricants across the bearing surface.</p><p><strong>Heat Dissipation:</strong> By facilitating better oil flow, the design naturally dissipates heat away from the core, preventing thermal expansion that can lead to mechanical seizure.</p><p><strong>Seal Compatibility:</strong> The shaft diameter is machined to global standard tolerances (h6/js6), making it compatible with a wide range of premium oil seals and O-rings.</p><h4><strong>Application and Industrial Versatility</strong></h4><p>This Flange Shaft is a versatile powerhouse, currently deployed across a multitude of high-stakes industries:</p><p><strong>Material Handling:</strong> Serving as the primary drive axle for heavy-duty conveyor head pulleys.</p><p><strong>Pump and Valve Systems:</strong> Acting as the connector between high-pressure impellers and drive motors.</p><p><strong>Agricultural Innovation:</strong> Used in power take-off (PTO) assemblies where reliable attachment is critical.</p><p><strong>Automotive Manufacturing:</strong> A key component in customized drivetrain and axle prototypes.</p><h4><strong>Installation Excellence and Longevity</strong></h4><p>To ensure the maximum operational life of your equipment, this flange shaft is designed for \"First-Time-Fit\" installation. The perpendicularity of the flange face is held to within microns, allowing for a perfectly flush mount against mating hubs. This precision prevents \"shaft whip\"—the leading cause of premature gearbox failure—making it a cost-effective solution for facilities looking to reduce their annual maintenance overhead.</p>', 'High-Precision Flange Shaft | 4-Bolt Industrial Drive Shaft', 'Shop our professional-grade Flange Shaft. Featuring a 4-bolt mounting pattern and precision machining, it is designed for heavy-duty industrial and mechanical applications.', 'flange shaft, machined shaft, drive shaft flange, industrial flange, 4-bolt shaft, power transmission components, precision mechanical parts, stub shaft, custom flange machining.', 0, 1, 0, '2026-04-04 03:02:01', '2026-04-04 03:02:01'),
(7, NULL, 'Heavy-Duty Stainless Steel Hexagonal Nut', 'stainless-steel-hex-nut-high-precision-industrial', 'A premium-grade Stainless Steel Hex Nut engineered for superior fastening strength and exceptional corrosion resistance. Designed with a standard six-sided hexagonal profile for easy torque application, these nuts provide a reliable, vibration-resistant lock for bolts and threaded rods in industrial, marine, and construction environments.', '<h4><strong>Advanced Fastening Engineering</strong></h4><p>The <strong>Stainless Steel Hexagonal Nut</strong> is the industry standard for secure mechanical joining. Each nut is precision-forged and tapped with high-accuracy internal threading to ensure a seamless fit with mating bolts. The hexagonal geometry is optimized for maximum wrench contact, allowing for high-torque tightening without the risk of \"rounding\" the corners, even under heavy mechanical load.</p><h4><strong>Material Excellence and Durability</strong></h4><p>Manufactured from high-grade austenitic stainless steel (typically Grade 304 or 316), these hex nuts are built to survive where standard carbon steel fails.</p><p><strong>Corrosion Resistance:</strong> Naturally resistant to oxidation, moisture, and chemical exposure, making them ideal for outdoor and marine applications.</p><p><strong>Thermal Stability:</strong> Maintains structural integrity across a wide temperature range, preventing \"seizing\" or thread deformation in high-heat environments.</p><p><strong>Clean Finish:</strong> Features a smooth, burr-free surface finish that not only looks professional but prevents snagging and ensures even pressure distribution.</p><h4><strong>Precision Threading and Load Distribution</strong></h4><p>Our hex nuts are machined to meet international standards (DIN 934 / ISO 4032). The internal threads are cut with high-precision taps to ensure a consistent \"Class 2H\" or \"6H\" fit. This precision ensures that the load is distributed evenly across all thread peaks, drastically reducing the chance of thread stripping or catastrophic failure during high-vibration operations.</p><h4><strong>Versatile Industrial Applications</strong></h4><p>As a universal fastening component, these hex nuts are essential in:</p><p><strong>Automotive &amp; Aerospace:</strong> Securing engine components and structural frames.</p><p><strong>Marine Engineering:</strong> Fastening docks, boat hulls, and underwater equipment where salt-water resistance is mandatory.</p><p><strong>Construction:</strong> Bolting steel beams, HVAC systems, and plumbing fixtures.</p><p><strong>Manufacturing:</strong> Essential for assembly lines, heavy machinery, and robotic arms.</p><h4><strong>Installation and Security</strong></h4><p>For permanent or high-vibration installations, these hex nuts are perfectly compatible with spring washers, flat washers, and thread-locking compounds. The flat bearing surface of the nut ensures that clamping force is applied perpendicularly, protecting the surface of your workpiece from damage while maintaining a permanent, secure grip.</p>', 'Premium Stainless Steel Hex Nut', 'Shop high-precision Stainless Steel Hexagonal Nuts. Durable, corrosion-resistant, and engineered for high-torque industrial applications. Available in various sizes.', 'hex nut, stainless steel nut, hexagonal fastener, industrial hardware, 304 stainless nut, threaded fastener, metric hex nut, heavy duty nut, machine nut', 0, 1, 0, '2026-04-04 03:05:43', '2026-04-04 03:05:43'),
(8, NULL, 'Industrial Mild Steel (MS) Slip-On Flange - 4-Bolt Pattern', 'mild-steel-ms-slip-on-flange-4-bolt-industrial', 'A high-performance Mild Steel (MS) Slip-On Flange engineered for seamless integration into low-pressure piping systems. This flange is precision-machined to provide a secure, leak-proof connection, featuring a standard 4-bolt circular pattern for optimal pressure distribution and ease of installation in industrial water, oil, and gas lines.', '<h4><strong>Structural Engineering and Design Integrity</strong></h4><p>The <strong>Mild Steel Slip-On Flange</strong> is designed for maximum versatility in mechanical piping. The \"Slip-On\" designation refers to its ability to slide over the end of a pipe before being welded both internally and externally. This dual-weld capability provides a robust, vibration-resistant seal that prevents joint fatigue. The flange face is precision-ground to ensure a flat mating surface, allowing for perfect gasket compression and a zero-leakage environment.</p><h4><strong>Premium Material Properties</strong></h4><p>Forged from high-grade Mild Steel, this component offers a perfect balance of ductility and strength.</p><p><strong>Weldability:</strong> The low carbon content of the MS ensures excellent weldability, reducing the risk of brittleness or cracking during the fabrication process.</p><p><strong>Durability:</strong> Each flange is machined to exact tolerances, ensuring that bolt holes are perfectly aligned for rapid assembly in the field.</p><p><strong>Surface Finish:</strong> The smooth, machined finish allows for superior adherence of anti-corrosive coatings or paints, extending the service life of the piping system in humid or outdoor environments.</p><h4><strong>Precision 4-Bolt Mounting System</strong></h4><p>The equilateral 4-bolt pattern is engineered for balanced load distribution. By utilizing four high-tensile fasteners, the clamping force is spread evenly across the flange face, significantly reducing the risk of warping under pressure. This design is compliant with common industrial standards (such as ANSI/ASME or DIN), making it a universal choice for plant maintenance and new infrastructure projects.</p><h4><strong>Versatile Industrial Applications</strong></h4><p>This MS Flange is an essential component in a wide variety of sectors:</p><p><strong>HVAC Systems:</strong> Used in large-scale chilled water and heating pipe loops.</p><p><strong>Water Treatment:</strong> Ideal for low-pressure filtration and municipal water transport lines.</p><p><strong>Oil &amp; Gas:</strong> Serving as a reliable connector for non-critical transport lines and storage tank interfaces.</p><p><strong>Agricultural Irrigation:</strong> Providing a quick-connect solution for high-volume pumping stations.</p><h4><strong>Maintenance and Longevity</strong></h4><p>To ensure decades of reliable service, we recommend installing these flanges with high-quality gaskets (non-asbestos or rubber) and galvanized bolts. The simplicity of the slip-on design allows for easy inspection and quick replacement during scheduled maintenance shutdowns, minimizing operational downtime for your facility.</p>', 'Industrial Mild Steel (MS) Slip-On Flange', 'Shop our high-quality MS Slip-On Flanges. Featuring a 4-bolt pattern and precision-machined mild steel construction, perfect for industrial piping and water systems.', 'ms flange, mild steel flange, slip-on flange, 4 bolt pipe flange, industrial piping components, MS plate flange, forged steel flange, water pipe connector, welding flange', 1, 1, 0, '2026-04-04 03:08:03', '2026-04-04 07:11:54'),
(9, NULL, 'Precision Machined Yellow Zinc Plated Threaded Coupling', 'yellow-zinc-plated-threaded-internal-coupling', 'A heavy-duty Internal Threaded Coupling engineered for high-pressure hydraulic and pneumatic connections. Featuring a Yellow Zinc Dichromate finish for advanced corrosion protection, this socket provides a robust, leak-proof bridge between two male-threaded pipes or fittings in demanding industrial environments.', '<h4><strong>High-Torque Internal Threading Technology</strong></h4><p>The <strong>Yellow Zinc Plated Threaded Coupling</strong> is precision-machined to ensure a high-tolerance internal thread fit. Designed for seamless integration with NPT, BSP, or Metric male fittings, the internal threads are cut with extreme accuracy to prevent cross-threading and ensure a airtight seal. The thick-wall construction allows for high-torque tightening without the risk of the coupling expanding or cracking under pressure.</p><h4><strong>Zinc Dichromate Corrosion Protection</strong></h4><p>The distinctive yellow iridescent finish is more than aesthetic; it is a high-performance <strong>Yellow Zinc Plated</strong> coating.</p><p><strong>Extended Service Life:</strong> This plating offers a significantly higher salt-spray resistance compared to standard clear zinc, making it the preferred choice for outdoor machinery and automotive undercarriages.</p><p><strong>Chemical Resistance:</strong> The dichromate layer provides an extra barrier against moisture, oils, and mild chemical exposure, preventing oxidation and rust-related seizures.</p><p><strong>Visual Identification:</strong> In industrial settings, the yellow finish often helps identify specific plumbing or hydraulic lines for easier maintenance.</p><h4><strong>Material Strength and Construction</strong></h4><p>Manufactured from carbon steel or high-tensile alloy, this coupling is built for structural integrity. The exterior surface is polished and chamfered at the edges to ensure safe handling and a professional appearance. The uniform wall thickness ensures that the fitting can withstand sudden pressure spikes without structural fatigue, common in hydraulic power units.</p><h4><strong>Versatile Industrial Applications</strong></h4><p>This Threaded Coupling is a critical component across several technical sectors:</p><p><strong>Hydraulic Systems:</strong> Acting as a connector for hydraulic fluid lines in tractors, excavators, and manufacturing presses.</p><p><strong>Pneumatics:</strong> Connecting air compressor lines where a secure, non-leak fitting is mandatory for efficiency.</p><p><strong>Construction:</strong> Used in structural tie-rods and threaded anchoring systems.</p><p><strong>Automotive:</strong> Found in fuel systems, braking assemblies, and high-pressure fluid transport.</p><h4><strong>Installation and Performance Excellence</strong></h4><p>For optimal performance, this coupling should be used with appropriate thread sealant or PTFE tape to ensure a permanent, leak-free joint. The smooth internal bore allows for unobstructed fluid or air flow, minimizing turbulence and pressure drops across the connection. Its robust design makes it reusable, provided the threads remain clean and undamaged during disassembly.</p>', 'Yellow Zinc Plated Threaded Coupling', 'Shop our Precision Threaded Internal Couplings. Featuring a Yellow Zinc Dichromate finish for superior rust resistance and heavy-duty industrial performance.', 'threaded coupling, yellow zinc socket, internal pipe connector, steel hydraulic fitting, dichromate plated coupling, threaded sleeve, pipe joiner, industrial fasteners', 0, 1, 0, '2026-04-04 03:12:01', '2026-04-04 03:12:01'),
(10, NULL, 'Premium Matte Black Rail End Cap with Locking Set Screw', 'matte-black-rail-end-cap-locking-socket', 'A sleek, high-durability Metal End Cap designed for a clean, professional finish on tubing and rails. Featuring a robust Matte Black Powder Coating and an integrated side-locking set screw, this cap provides a permanent, secure fit that prevents slipping while protecting tube ends from debris and moisture.', '<h4><strong>Aesthetic and Functional Excellence</strong></h4><p>The <strong>Premium Matte Black Rail End Cap</strong> is engineered for both protection and visual appeal. Unlike standard plastic friction-fit plugs, this metal cap features a \"socket\" design that slides <i>over</i> the tube or rod. The integrated threaded hole on the side allows for a <strong>grub screw (set screw)</strong> to be tightened directly onto the tube, ensuring the cap remains immovable even in high-traffic or vibrating environments.</p><h4><strong>Superior Powder-Coated Finish</strong></h4><p>Each cap undergoes a rigorous multi-stage powder coating process.</p><p><strong>Corrosion Resistance:</strong> The matte black finish acts as a barrier against oxidation, making it suitable for both indoor furniture and outdoor railing systems.</p><p><strong>Scratch &amp; Impact Resistant:</strong> The textured powder coat is significantly more durable than standard liquid paint, resisting scuffs, chips, and fingerprints.</p><p><strong>Modern Design:</strong> The low-sheen matte finish provides a contemporary look that blends seamlessly with architectural hardware and industrial furniture.</p><h4><strong>Precision Engineering and Fit</strong></h4><p>Constructed from high-strength zinc alloy or aluminum, these caps are lightweight yet structurally sound.</p><p><strong>Seamless Installation:</strong> The internal diameter is precision-milled to ensure a snug fit over standard tubing.</p><p><strong>Mechanical Locking:</strong> The side-locking mechanism eliminates the need for messy adhesives or permanent welding, allowing for easy removal or maintenance if required.</p><p><strong>Safety &amp; Protection:</strong> By capping exposed metal edges, these fittings reduce the risk of injury and prevent internal tube corrosion.</p><h4><strong>Versatile Industrial Applications</strong></h4><p>This product is a versatile solution for various decorative and structural projects:</p><p><strong>Furniture Design:</strong> Used as premium feet for desks, chairs, and shelving units.</p><p><strong>Architectural Railing:</strong> Finishing ends for handrails, footrails, and safety barriers.</p><p><strong>Display Hardware:</strong> Ideal for retail clothing racks and modular display systems.</p><p><strong>Home Decor:</strong> High-end finials for curtain rods or shower rails.</p><h4><strong>Installation Guidance</strong></h4><p>For a perfect installation, simply slide the cap onto the end of your clean, deburred tube. Align the side hole and tighten a standard metric or imperial set screw until the cap is firmly locked. The flat base of the cap ensures a flush mount against walls or floors when used as a mounting foot.</p>', 'Black Metal Rail End Cap', 'Shop our Matte Black Metal End Caps. Features a side-locking set screw for a permanent, secure fit. Perfect for furniture, railings, and industrial tubing.', 'black end cap, rail end cap, tube plug, locking set screw cap, metal pipe cap, matte black furniture feet, railing finial, industrial tube fitting, architectural hardware', 0, 1, 0, '2026-04-04 03:16:17', '2026-04-04 03:16:17'),
(11, NULL, 'Precision Machined Hydraulic Piston Head with Multi-Stage Seal Kit', 'precision-hydraulic-piston-head-multi-stage-seal', 'A heavy-duty, CNC-machined Hydraulic Piston Head engineered for high-pressure cylinder applications. Designed with integrated grooves for O-rings and backup seals, and featuring a premium low-friction internal PU seal, this component ensures maximum volumetric efficiency and zero-leak performance in extreme industrial environments.', '<h4><strong>Advanced Hydraulic Sealing Technology</strong></h4><p>The <strong>Precision Machined Hydraulic Piston Head</strong> is the critical moving interface within a hydraulic cylinder. This assembly is specifically designed to manage the intense pressures required for heavy-duty lifting and actuation. It features a sophisticated <strong>Multi-Stage Sealing System</strong> that utilizes high-tensile O-rings (Black) and anti-extrusion backup rings (Red). This combination prevents \"fluid bypass,\" ensuring that the cylinder maintains constant pressure even under varying load conditions.</p><h4><strong>Material Excellence and Surface Precision</strong></h4><p>Forged from premium <strong>Hard-Chromed Steel</strong> or high-grade aluminum alloy, the piston body is built for structural rigidity.</p><p><strong>Low Friction Interface:</strong> The internal turquoise seal is manufactured from high-grade <strong>Polyurethane (PU)</strong>, chosen for its exceptional wear resistance and ability to withstand high-velocity strokes without thermal degradation.</p><p><strong>Fine-Pitch Threading:</strong> The base of the piston features high-precision threading designed to secure the piston to the rod with absolute concentricity, preventing \"rod side-loading\" and premature cylinder wear.</p><p><strong>Corrosion Resistance:</strong> The polished finish provides a superior seating surface for seals, reducing friction coefficients and extending the \"Mean Time Between Failures\" (MTBF) for the entire hydraulic unit.</p><h4><strong>Thermal and Pressure Resilience</strong></h4><p>Industrial hydraulic systems often operate in environments with rapid temperature fluctuations. This piston head is engineered to maintain its tolerances across a wide thermal range. The redundant sealing grooves are spaced to allow for optimal lubricant film retention, ensuring that the primary seals remain supple and do not \"burn\" during high-frequency cycling.</p><h4><strong>Versatile Industrial Applications</strong></h4><p>This high-performance piston head is a vital component in:</p><p><strong>Earthmoving Equipment:</strong> Used in the primary lift and tilt cylinders of excavators and loaders.</p><p><strong>Industrial Presses:</strong> Essential for high-tonnage forging and stamping machines.</p><p><strong>Agriculture:</strong> Found in hydraulic rams for tractors and harvesting machinery.</p><p><strong>Marine Hydraulics:</strong> Ideal for steering gear and hatch actuators where salt-air resistance is required.</p><h4><strong>Maintenance and Seal Replacement</strong></h4><p>The design of this piston head allows for rapid seal servicing. The \"Drop-In\" groove design ensures that O-rings and backup rings can be replaced during routine maintenance without specialized tooling. To ensure maximum longevity, we recommend pre-lubricating the seals with compatible hydraulic fluid during the installation process to prevent \"dry-start\" seal damage.</p>', 'Hydraulic Piston Head', 'Buy our Precision Machined Hydraulic Piston Head. Features a multi-stage PU and O-ring sealing system for zero-leak industrial performance. CNC machined for durability.', 'hydraulic piston head, cylinder piston, hydraulic seals, piston gland, PU seal, hydraulic ram parts, high pressure piston, CNC machined hydraulic components, O-ring piston assembly', 0, 1, 0, '2026-04-04 03:20:12', '2026-04-04 03:20:12'),
(12, NULL, 'Premium Stainless Steel Hex Bolt and Nut Set', 'stainless-steel-hex-bolt-nut-set-high-polish', 'A heavy-duty, corrosion-resistant Bolt and Nut assembly featuring a precision-machined hexagonal head and matching hex nut. Engineered from high-grade stainless steel with a mirror-polished finish, this set provides exceptional tensile strength and durability for marine, architectural, and industrial fastening applications.', '<h4><strong>High-Performance Fastening Solutions</strong></h4><p>The <strong>Stainless Steel Hex Bolt and Nut Set</strong> is the gold standard for secure, long-term mechanical joining. This fastener pair is engineered to provide a consistent clamping force across a wide range of industrial applications. The hexagonal head design allows for high-torque application with standard wrenches and socket tools, ensuring a tight, vibration-resistant fit that maintains its integrity under significant mechanical stress.</p><h4><strong>Material Excellence: Marine-Grade Durability</strong></h4><p>Manufactured from premium austenitic stainless steel, this bolt and nut set is built to withstand the harshest elements.</p><p><strong>Superior Corrosion Resistance:</strong> The high chromium and nickel content ensures that the metal remains free from rust and oxidation, even when exposed to salt water, chemicals, or extreme weather.</p><p><strong>Mirror Polished Finish:</strong> Beyond its professional aesthetic, the polished surface minimizes micro-fissures where contaminants could settle, making it easier to clean and maintain in sanitary or food-grade environments.</p><p><strong>Non-Magnetic Properties:</strong> Ideal for use in sensitive electronic or medical equipment where magnetic interference must be avoided.</p><h4><strong>Precision Rolled Threading</strong></h4><p>Unlike cut threads, the threads on our bolts are precision-rolled. This process compacts the grain of the steel, resulting in <strong>higher fatigue strength</strong> and smoother assembly with the matching nut. The high-tolerance fit between the bolt and nut threads reduces the risk of \"galling\"—a common issue with stainless steel fasteners—ensuring a smooth, reliable installation every time.</p><h4><strong>Versatile Industrial Applications</strong></h4><p>This fastener set is a critical component in various high-stakes sectors:</p><p><strong>Marine Construction:</strong> Essential for boat fittings, docks, and coastal infrastructure.</p><p><strong>Architectural Hardware:</strong> Used in glass railings, signage, and structural steel where the fastener is visible to the public.</p><p><strong>Food &amp; Chemical Processing:</strong> Safe for use in machinery that requires frequent high-pressure washdowns.</p><p><strong>Automotive &amp; Restoration:</strong> Perfect for custom builds and classic car restorations where appearance is as important as performance.</p><h4><strong>Installation and Security Best Practices</strong></h4><p>For the most secure connection, we recommend using these bolts with flat or spring washers to distribute the load evenly. To prevent cold-welding (galling) during high-speed installation, a small amount of anti-seize lubricant can be applied to the threads. The flat-faced hexagonal design ensures that the bolt remains stable while the nut is torqued to the specific requirements of your project.</p>', 'Stainless Steel Hex Bolt & Nut Set', 'Shop high-precision Stainless Steel Hex Bolts and Nuts. Mirror-polished, corrosion-resistant, and built for marine and industrial use. Available in various metric and imperial sizes.', 'stainless steel bolt, hex nut, stainless fastener set, 316 stainless bolt, polished hex bolt, industrial fasteners, marine grade bolt, metric bolt and nut, architectural hardware', 1, 1, 0, '2026-04-04 03:24:50', '2026-04-04 07:11:42');

-- --------------------------------------------------------

--
-- Table structure for table `product_categories`
--

DROP TABLE IF EXISTS `product_categories`;
CREATE TABLE IF NOT EXISTS `product_categories` (
  `id` bigint UNSIGNED NOT NULL AUTO_INCREMENT,
  `name` varchar(191) COLLATE utf8mb4_unicode_ci NOT NULL,
  `slug` varchar(191) COLLATE utf8mb4_unicode_ci NOT NULL,
  `description` text COLLATE utf8mb4_unicode_ci,
  `meta_title` varchar(191) COLLATE utf8mb4_unicode_ci DEFAULT NULL,
  `meta_description` text COLLATE utf8mb4_unicode_ci,
  `is_active` tinyint(1) NOT NULL DEFAULT '1',
  `created_at` timestamp NULL DEFAULT NULL,
  `updated_at` timestamp NULL DEFAULT NULL,
  PRIMARY KEY (`id`),
  UNIQUE KEY `product_categories_slug_unique` (`slug`),
  KEY `product_categories_slug_index` (`slug`),
  KEY `product_categories_is_active_index` (`is_active`)
) ENGINE=MyISAM AUTO_INCREMENT=3 DEFAULT CHARSET=utf8mb4 COLLATE=utf8mb4_unicode_ci;

-- --------------------------------------------------------

--
-- Table structure for table `roles`
--

DROP TABLE IF EXISTS `roles`;
CREATE TABLE IF NOT EXISTS `roles` (
  `id` bigint UNSIGNED NOT NULL AUTO_INCREMENT,
  `title` varchar(191) COLLATE utf8mb4_unicode_ci DEFAULT NULL,
  `created_at` timestamp NULL DEFAULT NULL,
  `updated_at` timestamp NULL DEFAULT NULL,
  `deleted_at` timestamp NULL DEFAULT NULL,
  PRIMARY KEY (`id`)
) ENGINE=MyISAM AUTO_INCREMENT=3 DEFAULT CHARSET=utf8mb4 COLLATE=utf8mb4_unicode_ci;

--
-- Dumping data for table `roles`
--

INSERT INTO `roles` (`id`, `title`, `created_at`, `updated_at`, `deleted_at`) VALUES
(1, 'Admin', NULL, NULL, NULL),
(2, 'User', NULL, NULL, NULL);

-- --------------------------------------------------------

--
-- Table structure for table `role_user`
--

DROP TABLE IF EXISTS `role_user`;
CREATE TABLE IF NOT EXISTS `role_user` (
  `user_id` bigint UNSIGNED NOT NULL,
  `role_id` bigint UNSIGNED NOT NULL,
  KEY `user_id_fk_10695142` (`user_id`),
  KEY `role_id_fk_10695142` (`role_id`)
) ENGINE=MyISAM DEFAULT CHARSET=utf8mb4 COLLATE=utf8mb4_unicode_ci;

--
-- Dumping data for table `role_user`
--

INSERT INTO `role_user` (`user_id`, `role_id`) VALUES
(1, 1);

-- --------------------------------------------------------

--
-- Table structure for table `users`
--

DROP TABLE IF EXISTS `users`;
CREATE TABLE IF NOT EXISTS `users` (
  `id` bigint UNSIGNED NOT NULL AUTO_INCREMENT,
  `name` varchar(191) COLLATE utf8mb4_unicode_ci DEFAULT NULL,
  `email` varchar(191) COLLATE utf8mb4_unicode_ci DEFAULT NULL,
  `email_verified_at` datetime DEFAULT NULL,
  `password` varchar(191) COLLATE utf8mb4_unicode_ci DEFAULT NULL,
  `two_factor` tinyint(1) DEFAULT '0',
  `two_factor_code` varchar(191) COLLATE utf8mb4_unicode_ci DEFAULT NULL,
  `remember_token` varchar(191) COLLATE utf8mb4_unicode_ci DEFAULT NULL,
  `two_factor_expires_at` datetime DEFAULT NULL,
  `created_at` timestamp NULL DEFAULT NULL,
  `updated_at` timestamp NULL DEFAULT NULL,
  `deleted_at` timestamp NULL DEFAULT NULL,
  PRIMARY KEY (`id`),
  UNIQUE KEY `users_email_unique` (`email`)
) ENGINE=MyISAM AUTO_INCREMENT=2 DEFAULT CHARSET=utf8mb4 COLLATE=utf8mb4_unicode_ci;

--
-- Dumping data for table `users`
--

INSERT INTO `users` (`id`, `name`, `email`, `email_verified_at`, `password`, `two_factor`, `two_factor_code`, `remember_token`, `two_factor_expires_at`, `created_at`, `updated_at`, `deleted_at`) VALUES
(1, 'Admin', 'admin@admin.com', NULL, '$2y$10$PGUImldYP/630KIhlFK/IeIOVjCG431EBtyjDxNh.Q4W2WAGElBrO', 0, '', NULL, NULL, NULL, NULL, NULL);
COMMIT;

/*!40101 SET CHARACTER_SET_CLIENT=@OLD_CHARACTER_SET_CLIENT */;
/*!40101 SET CHARACTER_SET_RESULTS=@OLD_CHARACTER_SET_RESULTS */;
/*!40101 SET COLLATION_CONNECTION=@OLD_COLLATION_CONNECTION */;
